10.194 7.164000000000001 7.9319999999999995 -0.4670000000000001 3.075 3.173 0.402 0.2616 2.035
7.218 9.972000000000001 7.950000000000001 2.9769999999999994 -0.558 3.11 0.2628 0.4488 2.221
7.145999999999999 9.966000000000001 7.895999999999999 3.1029999999999998 -0.5789999999999997 2.9139999999999997 0.2406 0.378 2.509
7.926 10.092 7.1579999999999995 2.8299999999999996 -0.41100000000000003 2.8229999999999995 0.3174 0.43679999999999997 2.575
9.93 7.218 7.9319999999999995 -0.7189999999999999 2.8020000000000005 2.956 0.3864 0.282 2.395
7.914000000000001 9.972000000000001 7.1819999999999995 3.0889999999999995 -0.4670000000000001 2.6550000000000002 0.3192 0.4578 2.425
10.2 7.200000000000001 7.92 -0.6209999999999998 3.124 2.9279999999999995 0.41519999999999996 0.25439999999999996 2.053
10.020000000000001 7.193999999999999 7.938000000000001 -0.6420000000000001 2.9839999999999995 3.173 0.42239999999999994 0.26339999999999997 2.62
7.926 9.882 7.218 3.278 -0.2430000000000001 2.8020000000000005 0.2994 0.3924 2.893
7.164000000000001 10.092 7.926 2.8789999999999996 -0.544 3.362 0.2382 0.4266 2.548
7.272 10.116000000000001 7.9079999999999995 2.8369999999999997 -0.397 2.571 0.243 0.3948 1.885
9.99 7.1819999999999995 7.926 -0.488 2.9139999999999997 2.9909999999999997 0.4332 0.255 1.963
7.926 9.99 7.218 3.166 -0.5929999999999997 2.774 0.3156 0.4116 2.431
9.815999999999999 7.140000000000001 7.890000000000001 -0.7120000000000002 2.963 2.9839999999999995 0.4122 0.2718 1.987
7.212000000000001 10.08 7.943999999999999 2.956 -0.6000000000000001 2.9839999999999995 0.25739999999999996 0.43739999999999996 2.557
7.188000000000001 9.996 7.950000000000001 2.6550000000000002 -0.29900000000000015 3.1870000000000003 0.2934 0.399 3.085
7.1339999999999995 9.99 7.890000000000001 3.1519999999999997 -0.5720000000000001 2.8229999999999995 0.261 0.3828 2.317
10.062000000000001 7.188000000000001 7.9319999999999995 -0.6560000000000001 3.2009999999999996 2.9139999999999997 0.3888 0.2718 2.608
7.9319999999999995 9.99 7.1819999999999995 3.1519999999999997 -0.3550000000000002 2.9139999999999997 0.3078 0.4632 2.9530000000000003
9.942 7.2059999999999995 7.938000000000001 -0.42500000000000004 3.327 2.8719999999999994 0.41339999999999993 0.2658 2.134
7.1579999999999995 9.954 7.854000000000001 3.1310000000000002 -0.5720000000000001 3.0399999999999996 0.2334 0.4788 1.741
7.2059999999999995 9.815999999999999 7.926 3.061 -0.5650000000000002 3.271 0.2502 0.4386 3.1029999999999998
7.938000000000001 10.206 7.23 3.1870000000000003 -0.7049999999999998 2.9 0.3162 0.4002 2.02
7.188000000000001 9.822 7.914000000000001 3.019 -0.6840000000000002 3.0399999999999996 0.255 0.381 1.966
7.17 9.822 7.950000000000001 2.9699999999999998 -0.8379999999999999 3.306 0.2496 0.42179999999999995 3.265
7.914000000000001 9.996 7.2059999999999995 3.1310000000000002 -0.41100000000000003 3.082 0.288 0.4452 2.173
10.020000000000001 7.224 7.92 -0.44599999999999995 2.6340000000000003 3.0889999999999995 0.4326 0.2364 2.1189999999999998
7.943999999999999 10.056 7.224 3.061 -0.2849999999999999 2.9909999999999997 0.3264 0.372 2.221
10.020000000000001 7.176 7.9319999999999995 -0.5789999999999997 3.0469999999999997 3.2920000000000003 0.42 0.25379999999999997 3.25
7.950000000000001 9.918 7.1819999999999995 3.054 -0.4670000000000001 2.8090000000000006 0.3156 0.4056 1.7530000000000001
7.212000000000001 10.248 7.962000000000001 2.4379999999999997 -0.5789999999999997 2.9699999999999998 0.2898 0.354 3.064
7.17 9.942 7.895999999999999 2.725 -0.516 3.159 0.264 0.4236 2.6710000000000003
7.152000000000001 9.99 7.92 2.718 -0.544 2.8719999999999994 0.2784 0.41100000000000003 2.791
7.248000000000001 9.966000000000001 7.9079999999999995 2.7600000000000007 -0.5090000000000001 3.194 0.2706 0.44279999999999997 2.326
10.187999999999999 7.1579999999999995 7.914000000000001 -0.6069999999999998 2.9279999999999995 2.8579999999999997 0.4386 0.2406 2.269
7.176 9.918 7.943999999999999 3.012 -0.8449999999999999 3.3550000000000004 0.28919999999999996 0.4092 1.927
7.9079999999999995 10.181999999999999 7.212000000000001 3.019 -0.4810000000000001 2.7950000000000004 0.3114 0.4116 2.029
7.92 10.062000000000001 7.1819999999999995 3.068 -0.544 2.7880000000000003 0.3048 0.438 2.395
10.11 7.248000000000001 7.962000000000001 -0.5860000000000001 2.8649999999999993 3.005 0.3834 0.258 2.245
10.05 7.2059999999999995 7.8839999999999995 -0.6769999999999998 2.781 3.166 0.41939999999999994 0.25439999999999996 2.656
7.895999999999999 10.044 7.1819999999999995 2.9419999999999997 -0.6489999999999998 2.6340000000000003 0.3162 0.429 1.741
9.984 7.188000000000001 7.926 -0.558 2.7600000000000007 2.9909999999999997 0.41819999999999996 0.2196 1.7770000000000001
9.996 7.2059999999999995 7.92 -0.502 2.963 3.229 0.4086 0.2736 2.908
7.200000000000001 10.026 7.9079999999999995 2.844 -0.4039999999999999 3.18 0.2712 0.36719999999999997 2.191
7.926 10.128 7.200000000000001 2.9349999999999996 -0.544 2.963 0.3222 0.42539999999999994 2.86
7.140000000000001 9.93 7.914000000000001 2.9979999999999998 -0.7749999999999999 2.9769999999999994 0.22619999999999998 0.4542 1.945
7.212000000000001 9.918 7.890000000000001 2.907 -0.6000000000000001 3.019 0.273 0.41939999999999994 2.263
10.092 7.176 7.926 -0.6140000000000001 2.7670000000000003 2.8299999999999996 0.3756 0.243 1.891
7.938000000000001 10.062000000000001 7.200000000000001 3.215 -0.7820000000000003 2.774 0.3 0.3936 2.3920000000000003
7.895999999999999 10.044 7.248000000000001 3.159 -0.5370000000000001 2.7950000000000004 0.3048 0.3906 2.641
9.948 7.224 7.902000000000001 -0.4670000000000001 2.907 2.662 0.396 0.2502 2.248
7.188000000000001 10.002 7.926 2.6970000000000005 -0.6000000000000001 3.2009999999999996 0.25439999999999996 0.4482 2.2359999999999998
7.164000000000001 10.068000000000001 7.914000000000001 2.5780000000000003 -0.3550000000000002 3.082 0.2562 0.42419999999999997 1.8370000000000002
7.193999999999999 9.942 7.926 2.907 -0.7749999999999999 3.264 0.25139999999999996 0.4038 2.1790000000000003
7.938000000000001 9.942 7.193999999999999 3.4110000000000005 -0.5090000000000001 3.138 0.3564 0.40140000000000003 1.393
7.943999999999999 10.122 7.188000000000001 3.1029999999999998 -0.6489999999999998 2.669 0.321 0.41519999999999996 2.299
9.978 7.188000000000001 7.914000000000001 -0.6629999999999998 2.8649999999999993 3.194 0.44039999999999996 0.2424 2.641
7.212000000000001 9.978 7.9319999999999995 3.0889999999999995 -0.6280000000000001 3.11 0.2556 0.4068 2.107
7.9079999999999995 10.092 7.193999999999999 3.194 -0.25 2.9279999999999995 0.36779999999999996 0.3996 2.143
7.242 10.020000000000001 7.943999999999999 2.949 -0.7960000000000003 2.8369999999999997 0.1974 0.435 3.202
7.914000000000001 10.068000000000001 7.236000000000001 3.2569999999999997 -0.4670000000000001 2.662 0.3192 0.429 2.218
9.966000000000001 7.224 7.92 -0.5929999999999997 3.18 2.9839999999999995 0.3732 0.294 2.221
7.164000000000001 10.176 7.8839999999999995 3.1449999999999996 -0.5090000000000001 2.9139999999999997 0.2568 0.3846 2.113
7.950000000000001 10.187999999999999 7.188000000000001 2.8579999999999997 -0.44599999999999995 2.613 0.3036 0.438 2.545
7.236000000000001 10.014 7.9319999999999995 2.9699999999999998 -0.6069999999999998 3.0329999999999995 0.2706 0.4116 2.026
7.1819999999999995 10.002 7.9079999999999995 3.11 -0.7120000000000002 3.138 0.2526 0.37679999999999997 3.538
10.062000000000001 7.1579999999999995 7.890000000000001 -0.7889999999999999 2.8789999999999996 2.9139999999999997 0.399 0.2808 2.254
7.950000000000001 10.086 7.212000000000001 2.9699999999999998 -0.5720000000000001 2.963 0.2622 0.45239999999999997 2.002
9.828 7.176 7.895999999999999 -0.7260000000000002 2.669 3.005 0.3894 0.2394 2.122
10.092 7.193999999999999 7.8839999999999995 -0.6420000000000001 2.9209999999999994 2.8579999999999997 0.41639999999999994 0.24419999999999997 2.116
7.914000000000001 9.954 7.152000000000001 2.949 -0.6420000000000001 2.508 0.345 0.396 2.509
7.164000000000001 9.84 7.895999999999999 3.3480000000000003 -0.6840000000000002 2.9279999999999995 0.2244 0.435 2.434
7.145999999999999 10.044 7.92 2.606 -0.502 3.2430000000000003 0.28559999999999997 0.3858 2.2809999999999997
7.926 10.248 7.188000000000001 2.956 -0.5789999999999997 2.7600000000000007 0.3174 0.3948 1.8130000000000002
7.23 9.828 7.9079999999999995 3.0399999999999996 -0.5650000000000002 2.9419999999999997 0.23099999999999998 0.4488 3.004
7.895999999999999 10.092 7.2059999999999995 3.019 -0.30600000000000005 2.8579999999999997 0.3078 0.3834 3.007
9.894 7.218 7.92 -0.6909999999999998 3.2920000000000003 3.026 0.417 0.2376 1.8579999999999999
7.1579999999999995 9.972000000000001 7.9319999999999995 2.599 -0.4670000000000001 3.012 0.2676 0.351 1.951
10.074 7.2059999999999995 7.92 -0.4039999999999999 2.851 2.9909999999999997 0.4122 0.23099999999999998 2.194
7.152000000000001 9.864 7.9079999999999995 2.9139999999999997 -0.516 2.543 0.22139999999999999 0.4008 3.163
7.188000000000001 10.11 7.938000000000001 2.501 -0.3899999999999999 3.0329999999999995 0.2676 0.43739999999999996 2.509
7.152000000000001 9.984 7.878 2.9 -0.5720000000000001 2.8719999999999994 0.2268 0.4644 2.665
7.212000000000001 10.062000000000001 7.902000000000001 2.291 -0.3759999999999999 3.138 0.2712 0.40140000000000003 2.401
7.962000000000001 10.038 7.236000000000001 2.907 -0.5090000000000001 2.599 0.3186 0.396 2.029
9.870000000000001 7.193999999999999 7.902000000000001 -0.6769999999999998 2.7390000000000003 3.11 0.4026 0.2628 2.1189999999999998
7.902000000000001 10.074 7.218 3.138 -0.7120000000000002 2.851 0.3246 0.4068 2.332
10.008 7.193999999999999 7.938000000000001 -0.42500000000000004 2.8579999999999997 2.8789999999999996 0.43379999999999996 0.24419999999999997 2.656
7.950000000000001 10.104 7.193999999999999 2.8229999999999995 -0.4670000000000001 2.8299999999999996 0.3156 0.4548 3.295
7.1819999999999995 10.229999999999999 7.914000000000001 2.844 -0.6000000000000001 2.9419999999999997 0.3054 0.4068 2.3890000000000002
7.92 10.212 7.188000000000001 3.236 -0.6000000000000001 2.445 0.3066 0.402 2.323
7.23 10.002 7.92 2.62 -0.5789999999999997 3.2430000000000003 0.2562 0.4614 2.068
7.193999999999999 9.924 7.878 2.9909999999999997 -0.43199999999999994 3.0469999999999997 0.2436 0.4458 2.536
7.176 9.93 7.914000000000001 3.2009999999999996 -0.544 3.026 0.2736 0.41279999999999994 3.766
7.926 9.99 7.212000000000001 2.8159999999999994 -0.544 2.956 0.321 0.4482 2.983
7.188000000000001 9.834 7.902000000000001 2.9769999999999994 -0.5650000000000002 3.005 0.24659999999999999 0.4596 2.101
7.224 9.99 7.895999999999999 2.8789999999999996 -0.516 3.0329999999999995 0.2586 0.39540000000000003 2.266
7.193999999999999 9.96 7.895999999999999 2.7880000000000003 -0.6489999999999998 2.963 0.2592 0.4056 1.63
10.032 7.218 7.9319999999999995 -0.6069999999999998 3.1310000000000002 2.9769999999999994 0.45899999999999996 0.26339999999999997 1.906
7.188000000000001 9.911999999999999 7.92 2.7950000000000004 -0.5510000000000002 3.054 0.2298 0.387 2.776
7.224 9.780000000000001 7.902000000000001 2.8299999999999996 -0.5929999999999997 3.138 0.21059999999999998 0.3576 2.254
7.2059999999999995 10.092 7.92 3.0329999999999995 -0.4670000000000001 3.376 0.25079999999999997 0.42119999999999996 3.0220000000000002
7.176 10.122 7.854000000000001 2.9209999999999994 -0.6000000000000001 2.9419999999999997 0.21359999999999998 0.42539999999999994 1.717
7.152000000000001 10.152 7.9079999999999995 2.5780000000000003 -0.502 3.278 0.2712 0.40440000000000004 1.657
7.193999999999999 9.996 7.938000000000001 2.774 -0.6069999999999998 3.166 0.25079999999999997 0.444 2.023
7.212000000000001 10.056 7.914000000000001 2.7530000000000006 -0.4179999999999999 3.0329999999999995 0.3 0.3894 2.644
10.146 7.188000000000001 7.92 -0.6069999999999998 2.7040000000000006 3.173 0.42539999999999994 0.273 2.7969999999999997
7.1579999999999995 9.75 7.926 3.2009999999999996 -0.6769999999999998 3.11 0.2592 0.438 2.173
7.224 10.032 7.902000000000001 2.8020000000000005 -0.544 3.159 0.2682 0.43019999999999997 2.464
7.23 9.93 7.914000000000001 3.11 -0.516 3.306 0.25079999999999997 0.4062 2.2359999999999998
7.895999999999999 9.954 7.2059999999999995 2.9839999999999995 -0.4670000000000001 2.7460000000000004 0.3072 0.39540000000000003 1.702
7.92 10.122 7.193999999999999 3.075 -0.43900000000000006 2.4800000000000004 0.3276 0.41579999999999995 3.0909999999999997
7.193999999999999 10.086 7.938000000000001 2.3680000000000003 -0.397 2.893 0.29219999999999996 0.4068 2.338
9.918 7.176 7.914000000000001 -0.3619999999999999 3.2079999999999997 2.949 0.381 0.26639999999999997 2.437
7.200000000000001 9.828 7.914000000000001 2.907 -0.6700000000000002 3.2569999999999997 0.29219999999999996 0.3996 1.897
7.200000000000001 9.911999999999999 7.943999999999999 2.9 -0.6209999999999998 3.012 0.24779999999999996 0.40800000000000003 2.908
7.140000000000001 10.283999999999999 7.878 2.844 -0.5230000000000001 2.606 0.22799999999999998 0.378 2.293
7.914000000000001 10.116000000000001 7.200000000000001 3.166 -0.4179999999999999 2.781 0.33899999999999997 0.43139999999999995 2.656
9.75 7.200000000000001 7.943999999999999 -0.544 2.6830000000000003 3.236 0.4026 0.26639999999999997 2.7039999999999997
7.152000000000001 10.074 7.878 2.9349999999999996 -0.4670000000000001 3.124 0.2286 0.3966 1.681
7.17 10.038 7.8839999999999995 3.0329999999999995 -0.6840000000000002 2.9769999999999994 0.216 0.444 2.35
10.092 7.17 7.914000000000001 -0.6700000000000002 2.8159999999999994 3.0469999999999997 0.43439999999999995 0.25439999999999996 2.275
7.164000000000001 9.93 7.902000000000001 2.949 -0.4039999999999999 3.0329999999999995 0.24779999999999996 0.3888 1.774
7.164000000000001 10.05 7.878 3.264 -0.6280000000000001 2.7670000000000003 0.2256 0.4362 2.56
9.99 7.193999999999999 7.926 -0.6560000000000001 2.8369999999999997 3.173 0.42539999999999994 0.2682 2.101
7.164000000000001 9.966000000000001 7.895999999999999 2.9839999999999995 -0.6560000000000001 3.0469999999999997 0.2316 0.4728 2.308
7.9319999999999995 9.978 7.242 3.019 -0.3340000000000001 2.5780000000000003 0.3066 0.41519999999999996 2.113
7.200000000000001 10.11 7.9079999999999995 2.8159999999999994 -0.488 2.8579999999999997 0.25439999999999996 0.399 3.835
10.032 7.193999999999999 7.9319999999999995 -0.5510000000000002 3.229 3.271 0.42539999999999994 0.2592 2.278
7.1819999999999995 9.96 7.872 2.844 -0.6769999999999998 2.851 0.213 0.42239999999999994 2.293
7.895999999999999 9.984 7.23 3.0959999999999996 -0.558 2.7110000000000003 0.378 0.396 2.614
7.9559999999999995 10.181999999999999 7.1819999999999995 3.11 -0.544 2.6480000000000006 0.34559999999999996 0.41579999999999995 1.762
7.17 10.164 7.938000000000001 2.9279999999999995 -0.29900000000000015 2.8369999999999997 0.27 0.39840000000000003 1.84
7.23 9.996 7.9079999999999995 2.7950000000000004 -0.236 3.117 0.27 0.3888 2.62
7.1819999999999995 9.84 7.8660000000000005 3.117 -0.4950000000000001 2.718 0.2274 0.4032 2.122
7.902000000000001 10.152 7.188000000000001 3.173 -0.41100000000000003 2.8020000000000005 0.29819999999999997 0.40440000000000004 2.8810000000000002
10.026 7.2540000000000004 7.914000000000001 -0.5370000000000001 2.669 3.11 0.42 0.2298 2.686
10.11 7.212000000000001 7.902000000000001 -0.5230000000000001 3.229 3.0399999999999996 0.378 0.2526 2.143
7.2059999999999995 9.96 7.9319999999999995 3.117 -0.4950000000000001 3.061 0.243 0.447 2.191
7.188000000000001 10.104 7.902000000000001 2.851 -0.544 2.893 0.23099999999999998 0.438 2.284
7.914000000000001 9.954 7.218 3.075 -0.4039999999999999 3.3480000000000003 0.34259999999999996 0.4098 2.824
7.914000000000001 9.954 7.17 2.7530000000000006 -0.31299999999999994 2.4939999999999998 0.35819999999999996 0.4002 1.7890000000000001
7.212000000000001 9.972000000000001 7.926 3.082 -0.558 2.907 0.258 0.4056 2.002
9.84 7.188000000000001 7.902000000000001 -0.43900000000000006 2.9139999999999997 3.061 0.4008 0.2796 2.4459999999999997
9.954 7.23 7.950000000000001 -0.45999999999999996 2.9209999999999994 2.9139999999999997 0.393 0.267 2.128
7.2059999999999995 9.99 7.8839999999999995 2.9139999999999997 -0.53 3.25 0.291 0.4122 2.827
7.902000000000001 10.026 7.193999999999999 2.8789999999999996 -0.6280000000000001 2.7950000000000004 0.32880000000000004 0.41639999999999994 2.764
7.152000000000001 9.834 7.895999999999999 3.0889999999999995 -0.544 3.138 0.24719999999999998 0.42719999999999997 3.508
10.236 7.188000000000001 7.92 -0.7329999999999999 3.1310000000000002 3.2430000000000003 0.3912 0.24180000000000001 2.35
7.140000000000001 9.81 7.872 2.9 -0.5860000000000001 3.061 0.20639999999999997 0.40740000000000004 3.016
9.948 7.176 7.9319999999999995 -0.5720000000000001 3.1029999999999998 2.844 0.3834 0.2946 2.266
7.1819999999999995 9.858 7.890000000000001 3.0469999999999997 -0.502 3.138 0.2352 0.4386 2.371
7.212000000000001 10.074 7.9079999999999995 2.543 -0.5860000000000001 3.173 0.2928 0.41819999999999996 2.2809999999999997
7.8839999999999995 10.092 7.176 2.9909999999999997 -0.6069999999999998 2.8859999999999997 0.378 0.4776 2.056
9.834 7.1579999999999995 7.938000000000001 -0.4039999999999999 2.963 2.9699999999999998 0.429 0.2712 3.238
7.92 9.954 7.193999999999999 3.1029999999999998 -0.3340000000000001 2.9 0.2874 0.4356 2.551
7.176 9.864 7.9079999999999995 2.9769999999999994 -0.7120000000000002 2.9839999999999995 0.24899999999999997 0.42719999999999997 2.032
9.792 7.176 7.9079999999999995 -0.502 3.117 2.725 0.41040000000000004 0.2712 2.689
7.17 10.224 7.878 2.725 -0.45300000000000007 3.166 0.2496 0.41879999999999995 2.407
7.9319999999999995 10.044 7.224 3.1449999999999996 -0.53 3.11 0.3222 0.4038 1.93
9.804 7.1819999999999995 7.9559999999999995 -0.5370000000000001 2.9979999999999998 3.0469999999999997 0.4356 0.2286 2.599
9.870000000000001 7.212000000000001 7.9319999999999995 -0.5370000000000001 2.487 3.1870000000000003 0.4326 0.2346 2.3200000000000003
7.9319999999999995 10.044 7.200000000000001 3.166 -0.6000000000000001 2.7110000000000003 0.34559999999999996 0.4008 2.6470000000000002
7.1819999999999995 9.924 7.9079999999999995 2.7390000000000003 -0.5090000000000001 3.271 0.2694 0.41040000000000004 3.169
7.176 9.894 7.878 3.271 -0.53 2.8579999999999997 0.22619999999999998 0.432 2.827
7.176 9.852 7.92 2.662 -0.8379999999999999 2.9349999999999996 0.24419999999999997 0.43739999999999996 2.7039999999999997
7.895999999999999 10.032 7.218 3.362 -0.6980000000000002 2.62 0.3138 0.42479999999999996 2.416
9.882 7.224 7.938000000000001 -0.45300000000000007 2.8719999999999994 3.222 0.378 0.24899999999999997 2.407
9.936 7.188000000000001 7.872 -0.7189999999999999 2.8859999999999997 3.1029999999999998 0.4458 0.22139999999999999 2.752
7.890000000000001 10.08 7.2059999999999995 3.25 -0.3480000000000001 2.9 0.321 0.3972 1.918
7.188000000000001 10.008 7.943999999999999 2.6340000000000003 -0.3899999999999999 3.1449999999999996 0.27 0.4332 2.62
7.248000000000001 10.146 7.92 2.7880000000000003 -0.5789999999999997 3.075 0.315 0.3858 2.383
7.9079999999999995 10.104 7.193999999999999 2.9909999999999997 -0.6349999999999998 2.543 0.315 0.432 2.863
7.2059999999999995 10.164 7.938000000000001 2.851 -0.3550000000000002 2.893 0.24839999999999998 0.42119999999999996 2.968
7.9319999999999995 9.96 7.2059999999999995 3.264 -0.369 2.893 0.3282 0.414 2.428
7.212000000000001 9.93 7.938000000000001 2.7600000000000007 -0.6280000000000001 3.1310000000000002 0.28259999999999996 0.41100000000000003 1.8250000000000002
7.152000000000001 10.181999999999999 7.9079999999999995 2.851 -0.5230000000000001 2.907 0.2424 0.4002 2.755
7.1579999999999995 9.936 7.92 3.3970000000000002 -0.5370000000000001 2.7880000000000003 0.20879999999999999 0.4458 2.398
7.176 10.14 7.890000000000001 3.306 -0.7960000000000003 3.0889999999999995 0.243 0.441 3.697
7.878 10.224 7.200000000000001 3.124 -0.5929999999999997 2.6550000000000002 0.363 0.387 1.921
7.914000000000001 10.098 7.2059999999999995 2.8579999999999997 -0.32000000000000006 2.8020000000000005 0.3816 0.40140000000000003 1.756
7.914000000000001 10.248 7.218 3.1519999999999997 -0.5230000000000001 2.8299999999999996 0.34079999999999994 0.3744 1.951
7.926 10.104 7.2059999999999995 2.963 -0.6769999999999998 2.7110000000000003 0.3294 0.4032 2.6020000000000003
7.2059999999999995 9.852 7.9079999999999995 2.8579999999999997 -0.488 2.9 0.291 0.3864 2.887
7.218 10.038 7.926 3.0959999999999996 -0.5929999999999997 3.1519999999999997 0.2868 0.393 2.425
7.224 10.062000000000001 7.943999999999999 2.8649999999999993 -0.5789999999999997 3.194 0.25139999999999996 0.4572 2.122
10.2 7.188000000000001 7.926 -0.43199999999999994 2.9699999999999998 2.5780000000000003 0.43019999999999997 0.2676 2.38
7.1819999999999995 10.068000000000001 7.950000000000001 2.8579999999999997 -0.6629999999999998 2.844 0.2784 0.36479999999999996 2.185
7.914000000000001 10.014 7.188000000000001 3.124 -0.516 2.7530000000000006 0.3102 0.41100000000000003 2.08
7.200000000000001 9.924 7.938000000000001 2.669 -0.544 3.1449999999999996 0.2586 0.4266 1.741
10.026 7.17 7.926 -0.5860000000000001 2.4800000000000004 2.9419999999999997 0.4062 0.2964 2.611
7.188000000000001 10.008 7.938000000000001 3.222 -0.5789999999999997 3.005 0.2406 0.41040000000000004 2.38
7.2059999999999995 9.870000000000001 7.92 2.781 -0.5929999999999997 3.005 0.2496 0.4098 1.741
7.17 9.864 7.9319999999999995 2.662 -0.7260000000000002 3.376 0.2592 0.44039999999999996 2.6470000000000002
7.164000000000001 10.026 7.902000000000001 2.8299999999999996 -0.369 3.2079999999999997 0.282 0.42179999999999995 1.948
7.926 10.116000000000001 7.200000000000001 3.1519999999999997 -0.5720000000000001 2.8020000000000005 0.309 0.4386 2.926
10.122 7.200000000000001 7.895999999999999 -0.6000000000000001 2.725 2.9769999999999994 0.426 0.2736 3.592
7.2540000000000004 10.104 7.92 3.026 -0.474 2.7390000000000003 0.2388 0.41040000000000004 2.407
7.943999999999999 10.068000000000001 7.218 2.543 -0.7960000000000003 3.264 0.3474 0.4206 2.068
9.876000000000001 7.164000000000001 7.926 -0.43199999999999994 3.0469999999999997 2.9419999999999997 0.42779999999999996 0.2682 2.5780000000000003
7.17 10.056 7.938000000000001 2.774 -0.474 3.11 0.2502 0.43379999999999996 2.227
7.145999999999999 9.882 7.9079999999999995 2.963 -0.27100000000000013 3.18 0.2388 0.3882 2.938
7.236000000000001 9.924 7.9559999999999995 2.6830000000000003 -0.3619999999999999 3.138 0.28319999999999995 0.3846 2.713
7.176 10.164 7.92 2.3819999999999997 -0.31299999999999994 3.1310000000000002 0.2394 0.43979999999999997 2.713
7.1819999999999995 10.104 7.878 3.3970000000000002 -0.5929999999999997 3.124 0.2352 0.39840000000000003 2.3049999999999997
7.926 10.133999999999999 7.1819999999999995 3.0959999999999996 -0.3480000000000001 2.662 0.34859999999999997 0.3786 2.989
7.9079999999999995 9.996 7.26 2.6970000000000005 -0.5510000000000002 2.9979999999999998 0.3222 0.41939999999999994 2.035
7.943999999999999 10.092 7.248000000000001 2.8229999999999995 -0.5860000000000001 2.781 0.3306 0.3804 1.954
7.26 9.984 7.872 2.9419999999999997 -0.6000000000000001 2.8229999999999995 0.24419999999999997 0.4386 2.176
7.200000000000001 10.122 7.9319999999999995 2.844 -0.3619999999999999 3.173 0.2814 0.393 2.197
7.188000000000001 10.2 7.895999999999999 2.5920000000000005 -0.29900000000000015 3.005 0.2766 0.381 2.5780000000000003
9.852 7.212000000000001 7.943999999999999 -0.7960000000000003 2.7950000000000004 2.851 0.3942 0.2496 1.744
7.914000000000001 10.056 7.236000000000001 3.1029999999999998 -0.53 2.781 0.303 0.4206 1.942
7.9799999999999995 10.098 7.212000000000001 3.0959999999999996 -0.10299999999999998 3.1449999999999996 0.3696 0.3912 2.452
9.846 7.164000000000001 7.878 -0.6000000000000001 3.173 3.075 0.4326 0.2304 3.088
7.9079999999999995 9.96 7.152000000000001 2.8299999999999996 -0.6769999999999998 2.6550000000000002 0.324 0.41279999999999994 1.693
7.1819999999999995 10.074 7.895999999999999 2.8020000000000005 -0.3619999999999999 3.0959999999999996 0.3024 0.3816 1.8250000000000002
7.9079999999999995 10.116000000000001 7.17 3.1449999999999996 -0.45999999999999996 3.194 0.3126 0.4008 2.062
10.152 7.200000000000001 7.926 -0.45999999999999996 3.061 2.9349999999999996 0.3786 0.2328 2.395
7.224 9.911999999999999 7.8839999999999995 2.8090000000000006 -0.7960000000000003 2.9769999999999994 0.2496 0.387 2.161
7.878 10.086 7.1579999999999995 3.341 -0.6769999999999998 3.068 0.3132 0.4056 2.521
7.140000000000001 9.966000000000001 7.895999999999999 2.7880000000000003 -0.3899999999999999 3.215 0.2778 0.399 2.275
7.950000000000001 9.882 7.200000000000001 3.026 -0.5860000000000001 2.718 0.3306 0.4068 1.867
10.014 7.26 7.859999999999999 -0.6069999999999998 3.0469999999999997 2.907 0.44639999999999996 0.2178 2.7279999999999998
7.9079999999999995 10.038 7.23 3.327 -0.502 2.9349999999999996 0.2988 0.42419999999999997 2.536
7.193999999999999 10.026 7.895999999999999 2.6830000000000003 -0.44599999999999995 3.0399999999999996 0.2658 0.41339999999999993 2.1550000000000002
10.104 7.193999999999999 7.926 -0.6560000000000001 2.9909999999999997 3.026 0.3918 0.25139999999999996 2.653
7.9079999999999995 9.911999999999999 7.193999999999999 3.1870000000000003 -0.44599999999999995 2.9979999999999998 0.3342 0.35879999999999995 2.056
7.914000000000001 10.128 7.2059999999999995 3.117 -0.6769999999999998 2.7390000000000003 0.3504 0.41100000000000003 2.497
10.08 7.193999999999999 7.902000000000001 -0.474 2.844 3.285 0.405 0.2532 2.326
7.212000000000001 10.08 7.92 3.026 -0.5789999999999997 2.7530000000000006 0.2688 0.41279999999999994 2.623
7.902000000000001 10.026 7.17 3.0959999999999996 -0.5860000000000001 2.949 0.3096 0.3924 2.077
10.044 7.200000000000001 7.92 -0.7680000000000002 3.0399999999999996 3.061 0.441 0.2622 2.515
7.9319999999999995 9.882 7.193999999999999 3.1519999999999997 -0.383 2.571 0.291 0.429 2.836
7.938000000000001 10.098 7.193999999999999 2.7530000000000006 -0.383 2.6550000000000002 0.3366 0.3624 1.807
10.020000000000001 7.200000000000001 7.92 -0.5929999999999997 2.732 2.9419999999999997 0.42179999999999995 0.2346 2.923
7.242 10.104 7.950000000000001 2.459 -0.5720000000000001 3.082 0.24899999999999997 0.42119999999999996 1.7650000000000001
9.948 7.188000000000001 7.9079999999999995 -0.5090000000000001 2.8159999999999994 3.194 0.435 0.219 2.4459999999999997
7.212000000000001 9.834 7.968 2.9349999999999996 -0.5789999999999997 3.0329999999999995 0.2496 0.363 2.419
9.84 7.1819999999999995 7.8660000000000005 -0.516 3.2990000000000004 2.851 0.42239999999999994 0.2628 2.326
7.9079999999999995 10.05 7.1579999999999995 3.264 -0.6769999999999998 3.012 0.3306 0.393 2.062
7.17 10.092 7.914000000000001 2.963 -0.4950000000000001 2.7110000000000003 0.23399999999999999 0.3822 2.572
7.1579999999999995 9.936 7.872 2.613 -0.6280000000000001 2.949 0.24180000000000001 0.4086 2.044
7.9079999999999995 9.978 7.212000000000001 2.8719999999999994 -0.544 2.6970000000000005 0.33180000000000004 0.41100000000000003 2.251
7.9079999999999995 10.092 7.212000000000001 3.194 -0.516 2.8020000000000005 0.2928 0.46799999999999997 1.726
7.92 10.056 7.193999999999999 3.173 -0.8029999999999998 2.7600000000000007 0.34019999999999995 0.378 1.891
7.9079999999999995 9.846 7.236000000000001 3.0959999999999996 -0.32000000000000006 3.061 0.3222 0.4236 1.741
10.176 7.17 7.926 -0.5230000000000001 2.8299999999999996 3.0329999999999995 0.3924 0.2754 2.338
7.200000000000001 10.104 7.914000000000001 2.7670000000000003 -0.45999999999999996 2.8020000000000005 0.2706 0.423 2.2809999999999997
7.968 10.026 7.164000000000001 3.138 -0.502 2.5780000000000003 0.351 0.378 2.887
10.086 7.212000000000001 7.9079999999999995 -0.7189999999999999 3.0889999999999995 2.9349999999999996 0.39 0.276 2.104
7.2059999999999995 10.05 7.938000000000001 2.949 -0.44599999999999995 3.068 0.276 0.41459999999999997 2.632
9.84 7.212000000000001 7.9079999999999995 -0.5090000000000001 2.5220000000000002 2.907 0.4032 0.22139999999999999 2.092
7.926 10.104 7.200000000000001 3.075 -0.42500000000000004 2.8719999999999994 0.291 0.4842 2.608
9.858 7.193999999999999 7.914000000000001 -0.6069999999999998 3.1029999999999998 2.8369999999999997 0.4452 0.2556 2.419
10.187999999999999 7.200000000000001 7.9079999999999995 -0.6560000000000001 2.8020000000000005 3.054 0.4032 0.2526 1.8250000000000002
10.133999999999999 7.224 7.926 -0.6769999999999998 2.7880000000000003 3.0959999999999996 0.4266 0.2646 2.239
9.978 7.2059999999999995 7.9319999999999995 -0.544 3.2430000000000003 3.054 0.43019999999999997 0.23099999999999998 1.828
10.068000000000001 7.1339999999999995 7.890000000000001 -0.6769999999999998 2.8859999999999997 2.774 0.4206 0.2718 1.495
7.926 10.044 7.1339999999999995 3.194 -0.7189999999999999 2.8299999999999996 0.34019999999999995 0.3864 2.302
7.26 9.894 7.890000000000001 2.9979999999999998 -0.3759999999999999 3.054 0.216 0.4116 3.232
7.152000000000001 9.942 7.902000000000001 3.054 -0.53 3.1029999999999998 0.279 0.43379999999999996 2.695
7.926 10.11 7.212000000000001 2.9839999999999995 -0.3759999999999999 2.4240000000000004 0.34679999999999994 0.3942 2.938
9.954 7.1819999999999995 7.943999999999999 -0.6489999999999998 2.963 3.061 0.426 0.2724 2.545
7.188000000000001 10.212 7.9319999999999995 2.7040000000000006 -0.4810000000000001 2.9979999999999998 0.2838 0.41339999999999993 2.7159999999999997
9.792 7.218 7.962000000000001 -0.6280000000000001 2.9419999999999997 2.9279999999999995 0.37079999999999996 0.2802 2.323
7.212000000000001 9.906 7.962000000000001 2.907 -0.43900000000000006 3.2569999999999997 0.2658 0.48360000000000003 2.176
7.152000000000001 9.828 7.914000000000001 2.9909999999999997 -0.45999999999999996 2.6970000000000005 0.24 0.43439999999999995 2.9290000000000003
7.145999999999999 10.08 7.895999999999999 3.012 -0.5929999999999997 2.844 0.2358 0.41759999999999997 3.154
7.152000000000001 9.780000000000001 7.9079999999999995 2.8789999999999996 -0.7260000000000002 2.8859999999999997 0.2286 0.3924 2.14
7.200000000000001 9.942 7.9079999999999995 2.844 -0.369 2.7530000000000006 0.20639999999999997 0.42779999999999996 1.96
7.17 10.008 7.926 2.774 -0.6209999999999998 3.124 0.2322 0.42779999999999996 2.002
9.918 7.164000000000001 7.92 -0.5650000000000002 2.543 3.1029999999999998 0.3972 0.24659999999999999 1.954
7.92 10.17 7.1819999999999995 3.236 -0.4950000000000001 2.8369999999999997 0.30119999999999997 0.3816 2.221
10.11 7.164000000000001 7.872 -0.5929999999999997 3.0469999999999997 2.9 0.41939999999999994 0.24479999999999996 2.068
7.188000000000001 9.719999999999999 7.9319999999999995 3.0469999999999997 -0.6349999999999998 3.285 0.261 0.41100000000000003 2.5
7.164000000000001 9.972000000000001 7.9079999999999995 3.425 -0.516 2.963 0.24779999999999996 0.4098 2.437
7.17 9.84 7.926 3.019 -0.4810000000000001 3.278 0.2496 0.423 2.503
7.9319999999999995 9.918 7.23 3.012 -0.558 2.501 0.2784 0.42839999999999995 2.548
7.200000000000001 9.894 7.902000000000001 2.9979999999999998 -0.7049999999999998 3.173 0.22499999999999998 0.4476 2.719
7.17 9.996 7.92 2.774 -0.6700000000000002 3.0959999999999996 0.27 0.3918 2.038
7.926 10.05 7.224 2.956 -0.488 2.6970000000000005 0.327 0.42179999999999995 2.032
10.074 7.1579999999999995 7.902000000000001 -0.502 2.8859999999999997 2.9419999999999997 0.43019999999999997 0.2616 3.319
7.92 10.05 7.2059999999999995 3.124 -0.558 3.11 0.3024 0.41879999999999995 2.212
9.918 7.176 7.950000000000001 -0.6560000000000001 2.718 3.012 0.423 0.2376 2.383
7.943999999999999 9.936 7.212000000000001 3.0399999999999996 -0.544 2.7040000000000006 0.28559999999999997 0.46199999999999997 2.416
9.911999999999999 7.1819999999999995 7.926 -0.5650000000000002 2.907 3.1449999999999996 0.42179999999999995 0.2388 2.419
7.193999999999999 9.911999999999999 7.9319999999999995 2.6340000000000003 -0.5230000000000001 3.173 0.2778 0.42179999999999995 2.38
7.193999999999999 9.996 7.92 2.7110000000000003 -0.4039999999999999 3.1029999999999998 0.2394 0.41639999999999994 2.152
7.212000000000001 9.936 7.926 2.844 -0.7400000000000002 3.2430000000000003 0.252 0.41279999999999994 2.302
7.938000000000001 9.846 7.2059999999999995 3.0329999999999995 -0.31299999999999994 2.9 0.3126 0.42479999999999996 2.104
7.1339999999999995 10.038 7.8839999999999995 3.1870000000000003 -0.6489999999999998 3.0329999999999995 0.24 0.42239999999999994 2.827
7.212000000000001 9.828 7.938000000000001 2.6970000000000005 -0.7469999999999999 2.9139999999999997 0.2598 0.4068 2.3920000000000003
7.188000000000001 9.846 7.902000000000001 3.1449999999999996 -0.6280000000000001 3.075 0.291 0.40740000000000004 2.854
7.200000000000001 9.99 7.938000000000001 2.9209999999999994 -0.4179999999999999 3.061 0.28259999999999996 0.3888 2.758
7.9319999999999995 10.05 7.193999999999999 3.138 -0.5510000000000002 2.7040000000000006 0.3594 0.40140000000000003 1.81
7.878 9.936 7.212000000000001 3.1519999999999997 -0.544 2.9 0.34079999999999994 0.4296 1.708
7.193999999999999 9.81 7.926 2.4939999999999998 -0.6140000000000001 3.026 0.2694 0.43439999999999995 2.134
7.914000000000001 10.08 7.176 3.166 -0.4810000000000001 2.466 0.3018 0.414 2.194
7.1579999999999995 10.086 7.872 2.9349999999999996 -0.4810000000000001 3.005 0.2622 0.402 2.8209999999999997
9.870000000000001 7.164000000000001 7.962000000000001 -0.7049999999999998 2.949 2.9419999999999997 0.41579999999999995 0.2706 2.4459999999999997
7.145999999999999 10.044 7.872 3.0469999999999997 -0.8309999999999998 2.8299999999999996 0.25379999999999997 0.3864 1.642
9.972000000000001 7.2059999999999995 7.938000000000001 -0.5230000000000001 2.718 2.949 0.4332 0.267 2.665
7.926 9.888 7.200000000000001 3.4530000000000003 -0.4950000000000001 2.676 0.3696 0.3822 1.933
9.894 7.17 7.950000000000001 -0.42500000000000004 3.124 3.138 0.40140000000000003 0.24479999999999996 1.72
10.068000000000001 7.2059999999999995 7.92 -0.6629999999999998 3.236 3.18 0.4542 0.2394 2.1550000000000002
9.978 7.2059999999999995 7.926 -0.7049999999999998 2.6480000000000006 2.8299999999999996 0.4266 0.23099999999999998 1.855
7.1819999999999995 10.062000000000001 7.92 2.851 -0.4670000000000001 3.0469999999999997 0.2814 0.35879999999999995 2.395
7.1579999999999995 9.852 7.9319999999999995 3.005 -0.6980000000000002 3.1449999999999996 0.2502 0.4116 2.395
7.2059999999999995 10.187999999999999 7.943999999999999 2.9209999999999994 -0.43199999999999994 2.613 0.2532 0.42179999999999995 1.7650000000000001
7.236000000000001 10.074 7.92 2.7950000000000004 -0.43199999999999994 2.9419999999999997 0.2772 0.4296 1.681
7.1579999999999995 10.008 7.9079999999999995 2.963 -0.43199999999999994 3.061 0.243 0.44039999999999996 2.44
7.193999999999999 9.996 7.92 2.8020000000000005 -0.6069999999999998 3.026 0.2754 0.4038 3.505
7.188000000000001 9.888 7.872 3.215 -0.5510000000000002 3.075 0.17939999999999998 0.44339999999999996 3.559
10.11 7.200000000000001 7.902000000000001 -0.4950000000000001 3.117 2.9699999999999998 0.3864 0.27 2.365
7.902000000000001 10.224 7.23 3.124 -0.42500000000000004 2.7950000000000004 0.2934 0.45899999999999996 1.7890000000000001
9.984 7.200000000000001 7.938000000000001 -0.5370000000000001 3.222 2.9139999999999997 0.4608 0.2196 2.527
7.9319999999999995 9.882 7.23 3.222 -0.3270000000000002 2.8229999999999995 0.34079999999999994 0.41579999999999995 1.867
9.96 7.23 7.890000000000001 -0.7329999999999999 2.8719999999999994 2.9419999999999997 0.402 0.22799999999999998 2.14
9.96 7.1339999999999995 7.926 -0.6629999999999998 2.9279999999999995 2.9769999999999994 0.43739999999999996 0.21719999999999998 2.3890000000000002
9.888 7.236000000000001 7.9079999999999995 -0.488 2.8369999999999997 2.963 0.4092 0.25139999999999996 2.311
7.914000000000001 10.11 7.200000000000001 3.2569999999999997 -0.29200000000000004 2.774 0.31980000000000003 0.4692 1.939
7.26 10.128 7.914000000000001 2.9279999999999995 -0.5860000000000001 3.25 0.25439999999999996 0.45899999999999996 1.891
7.193999999999999 10.104 7.914000000000001 2.8090000000000006 -0.45999999999999996 3.278 0.27 0.3924 1.996
7.9079999999999995 9.99 7.176 3.1519999999999997 -0.3270000000000002 2.8369999999999997 0.3024 0.393 2.608
7.890000000000001 9.798 7.200000000000001 2.8719999999999994 -0.45300000000000007 2.781 0.35279999999999995 0.4056 1.912
7.164000000000001 10.038 7.926 2.8159999999999994 -0.6349999999999998 3.25 0.2436 0.417 2.59
7.926 10.020000000000001 7.236000000000001 3.1449999999999996 -0.369 2.893 0.29819999999999997 0.42119999999999996 1.627
9.978 7.193999999999999 7.895999999999999 -0.53 2.844 2.8020000000000005 0.444 0.2322 2.371
7.193999999999999 9.75 7.926 3.264 -0.5929999999999997 3.019 0.2358 0.4482 2.98
7.92 9.966000000000001 7.218 2.8090000000000006 -0.558 2.6340000000000003 0.3702 0.366 2.113
7.200000000000001 10.038 7.9559999999999995 2.8369999999999997 -0.5510000000000002 3.222 0.2532 0.4584 2.2
7.9559999999999995 10.277999999999999 7.152000000000001 2.9419999999999997 -0.5860000000000001 2.6970000000000005 0.3276 0.3966 2.3440000000000003
7.212000000000001 9.996 7.962000000000001 2.8369999999999997 -0.53 2.907 0.2682 0.40140000000000003 2.2809999999999997
9.846 7.145999999999999 7.9079999999999995 -0.6980000000000002 2.6830000000000003 3.173 0.3894 0.2784 2.605
7.9319999999999995 10.08 7.218 2.9279999999999995 -0.5929999999999997 2.9139999999999997 0.2688 0.4296 1.981
7.193999999999999 9.828 7.895999999999999 2.8649999999999993 -0.6629999999999998 3.0959999999999996 0.2532 0.42239999999999994 3.175
7.212000000000001 10.206 7.9319999999999995 2.8649999999999993 -0.6209999999999998 2.9979999999999998 0.222 0.4734 2.314
7.902000000000001 10.128 7.200000000000001 3.026 -0.6000000000000001 2.8369999999999997 0.3174 0.4506 3.088
7.17 10.008 7.890000000000001 3.0889999999999995 -0.6629999999999998 2.8020000000000005 0.2274 0.441 2.476
7.895999999999999 9.948 7.152000000000001 3.0889999999999995 -0.6280000000000001 2.949 0.3252 0.3936 1.8130000000000002
7.2540000000000004 10.020000000000001 7.9079999999999995 3.0399999999999996 -0.544 3.0329999999999995 0.2844 0.3786 2.077
7.9079999999999995 9.966000000000001 7.23 2.6970000000000005 -0.4950000000000001 2.844 0.34079999999999994 0.3744 1.531
7.193999999999999 9.84 7.950000000000001 2.8299999999999996 -0.6840000000000002 3.194 0.285 0.42 2.215
7.224 9.966000000000001 7.92 2.676 -0.6000000000000001 2.9839999999999995 0.24180000000000001 0.3792 2.872
7.152000000000001 9.978 7.914000000000001 2.8859999999999997 -0.6209999999999998 2.718 0.24899999999999997 0.4206 2.293
7.212000000000001 10.164 7.943999999999999 2.9139999999999997 -0.5860000000000001 2.8159999999999994 0.2556 0.40140000000000003 1.957
10.020000000000001 7.193999999999999 7.943999999999999 -0.5789999999999997 3.026 3.0329999999999995 0.42239999999999994 0.2382 2.278
10.152 7.164000000000001 7.986000000000001 -0.6349999999999998 2.9139999999999997 3.1519999999999997 0.4032 0.267 2.083
7.914000000000001 10.146 7.212000000000001 2.9979999999999998 -0.6980000000000002 2.8649999999999993 0.3102 0.4356 2.41
7.236000000000001 10.098 7.926 2.8649999999999993 -0.5090000000000001 3.215 0.258 0.41639999999999994 2.263
7.902000000000001 10.08 7.193999999999999 3.061 -0.5090000000000001 2.662 0.3072 0.4062 3.0669999999999997
7.224 10.044 7.962000000000001 2.9139999999999997 -0.558 3.0329999999999995 0.20939999999999998 0.4542 2.3049999999999997
10.026 7.1819999999999995 7.895999999999999 -0.53 2.6900000000000004 3.019 0.4482 0.237 2.395
7.176 9.81 7.9319999999999995 2.8649999999999993 -0.6980000000000002 3.2569999999999997 0.2382 0.43379999999999996 2.2809999999999997
7.188000000000001 9.96 7.9319999999999995 2.8649999999999993 -0.6909999999999998 2.9769999999999994 0.22499999999999998 0.4422 2.575
7.938000000000001 10.026 7.200000000000001 3.0329999999999995 -0.45999999999999996 2.9 0.3072 0.4122 2.143
7.212000000000001 10.187999999999999 7.926 2.725 -0.488 3.278 0.2532 0.41100000000000003 2.2569999999999997
7.9079999999999995 10.002 7.212000000000001 3.166 -0.7540000000000002 2.9349999999999996 0.35819999999999996 0.3828 1.927
7.224 10.128 7.9079999999999995 2.6830000000000003 -0.558 3.236 0.2904 0.3762 2.581
7.176 9.834 7.890000000000001 3.5020000000000002 -0.4670000000000001 2.9139999999999997 0.2238 0.429 2.407
7.950000000000001 10.11 7.212000000000001 3.166 -0.7329999999999999 2.676 0.3246 0.3948 2.365
10.068000000000001 7.200000000000001 7.9319999999999995 -0.5720000000000001 2.9699999999999998 3.222 0.438 0.22499999999999998 2.527
7.9319999999999995 10.14 7.200000000000001 3.0399999999999996 -0.4039999999999999 2.9 0.35819999999999996 0.4038 2.455
7.224 10.038 7.9079999999999995 2.949 -0.41100000000000003 3.1870000000000003 0.23399999999999999 0.4092 1.2850000000000001
10.062000000000001 7.200000000000001 7.962000000000001 -0.5230000000000001 2.774 3.124 0.42779999999999996 0.2424 2.251
7.200000000000001 10.122 7.9319999999999995 2.8159999999999994 -0.5090000000000001 3.005 0.29159999999999997 0.3906 2.6500000000000004
10.074 7.188000000000001 7.902000000000001 -0.5510000000000002 2.8719999999999994 3.0329999999999995 0.42239999999999994 0.24539999999999998 2.0709999999999997
10.11 7.17 7.938000000000001 -0.558 2.907 2.9839999999999995 0.45239999999999997 0.24599999999999997 2.278
9.948 7.2059999999999995 7.92 -0.5789999999999997 2.9979999999999998 2.8719999999999994 0.43079999999999996 0.2682 2.041
7.17 9.954 7.938000000000001 2.9209999999999994 -0.4670000000000001 3.1310000000000002 0.2358 0.42119999999999996 2.584
7.92 10.14 7.1579999999999995 3.166 -0.2569999999999999 2.9839999999999995 0.2796 0.4458 3.028
7.152000000000001 9.99 7.895999999999999 3.0399999999999996 -0.5860000000000001 3.005 0.22619999999999998 0.44999999999999996 2.686
7.23 9.948 7.926 3.005 -0.43900000000000006 3.2430000000000003 0.24899999999999997 0.429 2.173
9.93 7.188000000000001 7.92 -0.5789999999999997 2.9699999999999998 2.907 0.4446 0.2322 2.551
7.974 9.984 7.176 2.9349999999999996 -0.8099999999999998 3.0329999999999995 0.29519999999999996 0.45239999999999997 1.909
9.732 7.193999999999999 7.938000000000001 -0.5650000000000002 2.5850000000000004 2.9139999999999997 0.41879999999999995 0.2244 2.116
7.902000000000001 9.93 7.176 3.1449999999999996 -0.488 2.445 0.3192 0.41639999999999994 1.867
7.224 9.996 7.9079999999999995 2.669 -0.4950000000000001 3.082 0.28259999999999996 0.41819999999999996 1.984
7.242 10.11 7.9319999999999995 2.6270000000000002 -0.516 3.32 0.267 0.41040000000000004 2.263
10.26 7.1579999999999995 7.890000000000001 -0.516 2.9279999999999995 3.2569999999999997 0.41040000000000004 0.21539999999999998 2.122
10.062000000000001 7.188000000000001 7.9319999999999995 -0.6000000000000001 2.62 3.005 0.42839999999999995 0.2388 2.251
9.984 7.176 7.943999999999999 -0.3759999999999999 2.7880000000000003 3.25 0.3876 0.2286 1.603
7.145999999999999 9.996 7.9319999999999995 2.718 -0.558 3.1310000000000002 0.26039999999999996 0.4392 3.031
7.176 9.93 7.938000000000001 2.9279999999999995 -0.5230000000000001 2.8369999999999997 0.28619999999999995 0.441 1.972
7.152000000000001 9.966000000000001 7.914000000000001 3.166 -0.45999999999999996 2.893 0.25439999999999996 0.41939999999999994 2.59
7.212000000000001 10.05 7.92 2.8719999999999994 -0.6140000000000001 3.0889999999999995 0.22619999999999998 0.41939999999999994 2.473
10.014 7.193999999999999 7.968 -0.544 2.9699999999999998 3.1519999999999997 0.42 0.24180000000000001 2.326
10.128 7.218 7.902000000000001 -0.4810000000000001 3.061 2.8719999999999994 0.4476 0.2322 2.479
7.1819999999999995 10.062000000000001 7.878 3.264 -0.5370000000000001 2.599 0.2352 0.45239999999999997 1.966
7.1579999999999995 9.96 7.872 2.9769999999999994 -0.4039999999999999 2.956 0.26039999999999996 0.3942 1.906
7.1819999999999995 9.972000000000001 7.9319999999999995 2.8649999999999993 -0.27100000000000013 3.005 0.243 0.42539999999999994 2.035
7.2059999999999995 9.911999999999999 7.8839999999999995 2.851 -0.53 3.3480000000000003 0.2568 0.4662 3.952
7.9319999999999995 9.906 7.218 2.9279999999999995 -0.6069999999999998 2.7670000000000003 0.35279999999999995 0.3972 2.059
7.2059999999999995 9.918 7.895999999999999 3.1310000000000002 -0.6069999999999998 3.271 0.2622 0.41459999999999997 2.407
7.1819999999999995 10.128 7.92 2.557 -0.45999999999999996 2.9979999999999998 0.294 0.36419999999999997 2.6710000000000003
7.188000000000001 10.044 7.914000000000001 2.6410000000000005 -0.3759999999999999 3.082 0.25079999999999997 0.44339999999999996 2.275
7.193999999999999 9.858 7.92 3.068 -0.7260000000000002 3.075 0.2502 0.432 2.662
7.9559999999999995 10.086 7.242 2.9 -0.5090000000000001 2.8789999999999996 0.3414 0.3624 2.065
7.1579999999999995 10.068000000000001 7.902000000000001 2.907 -0.5860000000000001 2.9349999999999996 0.2808 0.357 2.566
7.109999999999999 9.888 7.872 3.3129999999999997 -0.7329999999999999 2.851 0.24 0.4092 2.488
7.212000000000001 10.187999999999999 7.895999999999999 2.669 -0.45999999999999996 2.9979999999999998 0.2586 0.417 2.587
7.17 9.882 7.859999999999999 3.11 -0.5650000000000002 3.019 0.2226 0.49019999999999997 2.6470000000000002
7.92 10.17 7.188000000000001 3.012 -0.6629999999999998 2.8229999999999995 0.3366 0.3804 1.6840000000000002
7.1819999999999995 10.17 7.914000000000001 2.8579999999999997 -0.474 2.7460000000000004 0.21419999999999997 0.42419999999999997 3.4659999999999997
7.9079999999999995 10.092 7.2059999999999995 3.012 -0.5720000000000001 2.676 0.3066 0.444 2.971
7.914000000000001 10.11 7.248000000000001 3.124 -0.6209999999999998 2.669 0.3192 0.4416 2.14
7.2059999999999995 9.876000000000001 7.9559999999999995 2.8859999999999997 -0.9009999999999999 3.3480000000000003 0.25379999999999997 0.41040000000000004 2.164
7.9319999999999995 10.116000000000001 7.2059999999999995 3.061 -0.41100000000000003 2.8719999999999994 0.3306 0.3816 1.957
7.9079999999999995 10.08 7.212000000000001 3.18 -0.6140000000000001 3.11 0.34679999999999994 0.3906 2.914
7.200000000000001 9.942 7.943999999999999 2.718 -0.5720000000000001 3.3550000000000004 0.2754 0.42119999999999996 3.247
7.9079999999999995 10.038 7.1819999999999995 3.138 -0.544 2.9209999999999994 0.3168 0.4122 2.4219999999999997
7.902000000000001 10.092 7.200000000000001 3.264 -0.4810000000000001 2.9349999999999996 0.3222 0.393 1.84
7.212000000000001 9.954 7.938000000000001 3.2009999999999996 -0.4810000000000001 2.8649999999999993 0.2652 0.42119999999999996 2.077
7.193999999999999 9.972000000000001 7.902000000000001 2.949 -0.5650000000000002 3.278 0.261 0.447 1.8370000000000002
7.926 10.302 7.218 3.138 -0.488 2.949 0.351 0.3384 2.149
7.1579999999999995 9.996 7.926 2.8719999999999994 -0.6209999999999998 3.117 0.26039999999999996 0.438 2.245
7.9319999999999995 9.984 7.236000000000001 3.0329999999999995 -0.45300000000000007 3.1029999999999998 0.33959999999999996 0.4026 3.097
7.2540000000000004 10.236 7.92 2.613 -0.4179999999999999 2.907 0.2814 0.4098 2.491
7.152000000000001 9.978 7.92 2.599 -0.6629999999999998 3.0959999999999996 0.28619999999999995 0.40740000000000004 1.639
7.1579999999999995 9.882 7.926 3.082 -0.5789999999999997 2.851 0.2118 0.43379999999999996 2.548
9.942 7.176 7.92 -0.7400000000000002 2.9139999999999997 2.9909999999999997 0.42419999999999997 0.2436 2.899
7.9079999999999995 9.84 7.23 2.8299999999999996 -0.6349999999999998 2.7110000000000003 0.3066 0.42539999999999994 2.6740000000000004
7.218 10.290000000000001 7.938000000000001 2.6270000000000002 -0.4810000000000001 2.9699999999999998 0.2808 0.4062 2.7249999999999996
7.92 10.008 7.164000000000001 3.2079999999999997 -0.5929999999999997 2.8090000000000006 0.3132 0.43739999999999996 2.299
10.092 7.1819999999999995 7.902000000000001 -0.516 2.9209999999999994 2.8789999999999996 0.4848 0.21059999999999998 2.458
10.002 7.188000000000001 7.9079999999999995 -0.6700000000000002 2.851 3.173 0.43679999999999997 0.20220000000000002 2.083
7.200000000000001 9.936 7.914000000000001 3.138 -0.6769999999999998 3.285 0.2526 0.43739999999999996 2.899
7.9079999999999995 9.888 7.176 3.082 -0.488 2.4379999999999997 0.3138 0.4536 2.464
9.93 7.218 7.974 -0.4670000000000001 2.9979999999999998 3.054 0.4392 0.2328 2.746
7.2059999999999995 10.038 7.914000000000001 2.907 -0.6420000000000001 3.0399999999999996 0.2322 0.4452 2.6350000000000002
7.9079999999999995 10.026 7.17 3.005 -0.53 2.8159999999999994 0.34559999999999996 0.3876 2.2569999999999997
10.056 7.23 7.92 -0.8099999999999998 3.1029999999999998 2.9209999999999994 0.414 0.2568 3.988
9.852 7.17 7.890000000000001 -0.6560000000000001 3.2009999999999996 2.9209999999999994 0.3966 0.24419999999999997 2.9530000000000003
7.902000000000001 10.098 7.193999999999999 3.1449999999999996 -0.4670000000000001 2.9909999999999997 0.28619999999999995 0.4236 2.485
7.9079999999999995 9.99 7.212000000000001 3.3480000000000003 -0.22199999999999998 2.9419999999999997 0.34379999999999994 0.369 2.872
7.218 9.774000000000001 7.902000000000001 2.445 -0.6629999999999998 3.11 0.3114 0.3906 1.828
7.9319999999999995 10.11 7.212000000000001 3.194 -0.4179999999999999 2.515 0.3306 0.41100000000000003 3.112
7.2059999999999995 10.008 7.92 2.606 -0.45999999999999996 3.18 0.2658 0.4008 2.188
7.188000000000001 10.116000000000001 7.895999999999999 2.8859999999999997 -0.43900000000000006 3.068 0.21539999999999998 0.41579999999999995 2.899
7.200000000000001 10.122 7.92 2.8369999999999997 -0.7049999999999998 3.166 0.264 0.399 2.6740000000000004
9.882 7.1819999999999995 7.926 -0.7400000000000002 2.6270000000000002 3.082 0.40800000000000003 0.2436 3.553
10.038 7.188000000000001 7.890000000000001 -0.6560000000000001 3.222 3.117 0.3942 0.2526 2.743
7.938000000000001 10.104 7.218 3.173 -0.3899999999999999 2.4730000000000003 0.35219999999999996 0.39 2.7159999999999997
9.996 7.23 7.926 -0.6769999999999998 3.222 3.3689999999999998 0.44939999999999997 0.2406 2.032
7.1819999999999995 10.038 7.9319999999999995 2.7670000000000003 -0.43199999999999994 2.844 0.2802 0.4056 2.299
7.2540000000000004 10.068000000000001 7.902000000000001 2.8299999999999996 -0.6489999999999998 3.1029999999999998 0.2328 0.41879999999999995 2.2
7.26 9.864 7.9319999999999995 2.676 -0.7260000000000002 3.2079999999999997 0.2316 0.4518 3.319
7.212000000000001 10.098 7.92 2.6340000000000003 -0.488 3.0469999999999997 0.3084 0.36719999999999997 2.074
7.9319999999999995 10.05 7.212000000000001 3.3550000000000004 -0.5860000000000001 2.8159999999999994 0.29819999999999997 0.4386 2.722
9.984 7.218 7.92 -0.5789999999999997 2.8859999999999997 2.8229999999999995 0.42719999999999997 0.2598 2.839
7.2059999999999995 10.116000000000001 7.962000000000001 2.9699999999999998 -0.6000000000000001 2.9139999999999997 0.26039999999999996 0.41040000000000004 2.563
7.2059999999999995 9.96 7.902000000000001 2.8369999999999997 -0.4670000000000001 3.061 0.2322 0.3894 2.467
7.176 10.020000000000001 7.895999999999999 2.4939999999999998 -0.6280000000000001 2.9139999999999997 0.2436 0.3942 2.062
7.140000000000001 9.966000000000001 7.847999999999999 3.054 -0.45300000000000007 2.949 0.2238 0.399 2.209
7.902000000000001 10.2 7.176 3.439 -0.488 2.557 0.3294 0.39840000000000003 2.416
7.9319999999999995 9.768 7.2059999999999995 2.8719999999999994 -0.474 2.9839999999999995 0.2904 0.4206 2.167
10.098 7.200000000000001 7.878 -0.6140000000000001 3.124 2.907 0.429 0.2226 2.224
7.236000000000001 10.187999999999999 7.926 2.8090000000000006 -0.44599999999999995 2.956 0.2718 0.3804 1.474
7.17 10.05 7.943999999999999 2.8789999999999996 -0.502 3.0329999999999995 0.24719999999999998 0.426 2.224
7.224 9.942 7.9079999999999995 2.508 -0.27100000000000013 3.446 0.318 0.3726 3.271
10.038 7.200000000000001 7.926 -0.6560000000000001 2.8649999999999993 3.082 0.4656 0.2316 2.2
9.924 7.17 7.890000000000001 -0.5860000000000001 3.068 3.222 0.41100000000000003 0.237 2.146
7.890000000000001 10.002 7.188000000000001 3.0399999999999996 -0.6140000000000001 3.2079999999999997 0.3312 0.3816 2.29
10.074 7.17 7.926 -0.4810000000000001 2.963 3.1449999999999996 0.3792 0.3 2.3289999999999997
7.128 9.822 7.890000000000001 2.907 -0.4039999999999999 2.8159999999999994 0.21539999999999998 0.46499999999999997 2.989
7.17 9.888 7.92 3.39 -0.6069999999999998 2.851 0.222 0.3942 2.089
9.918 7.188000000000001 7.902000000000001 -0.6209999999999998 3.4110000000000005 3.054 0.3864 0.2496 2.668
7.926 9.870000000000001 7.212000000000001 2.907 -0.6069999999999998 2.725 0.2928 0.41819999999999996 2.491
7.188000000000001 10.11 7.943999999999999 2.725 -0.6420000000000001 3.019 0.2394 0.438 2.479
7.1819999999999995 10.074 7.878 2.956 -0.6000000000000001 2.7950000000000004 0.243 0.43739999999999996 1.912
7.212000000000001 10.164 7.895999999999999 2.662 -0.488 3.1310000000000002 0.2424 0.3942 2.3680000000000003
7.1819999999999995 10.181999999999999 7.895999999999999 2.907 -0.516 3.117 0.2646 0.3846 1.609
7.212000000000001 9.93 7.926 3.3129999999999997 -0.6489999999999998 3.5580000000000003 0.2532 0.44339999999999996 2.056
7.9319999999999995 9.93 7.188000000000001 3.124 -0.6840000000000002 2.725 0.2736 0.4644 2.86
7.128 10.08 7.9319999999999995 2.9279999999999995 -0.5230000000000001 2.956 0.2412 0.4332 2.128
7.9079999999999995 10.038 7.164000000000001 3.215 -0.4179999999999999 2.6480000000000006 0.3264 0.42179999999999995 3.217
7.938000000000001 10.086 7.140000000000001 2.9769999999999994 -0.7049999999999998 2.9 0.3366 0.3804 3.016
7.193999999999999 9.996 7.914000000000001 3.2079999999999997 -0.7189999999999999 3.005 0.2292 0.43379999999999996 2.641
9.96 7.17 7.926 -0.6840000000000002 3.138 2.956 0.435 0.21839999999999998 2.077
10.044 7.1819999999999995 7.9319999999999995 -0.5370000000000001 2.8859999999999997 2.9139999999999997 0.4032 0.2304 2.149
7.248000000000001 9.99 7.926 2.7530000000000006 -0.6140000000000001 3.278 0.2424 0.4452 2.011
7.895999999999999 10.266 7.26 3.2430000000000003 -0.5090000000000001 2.8159999999999994 0.3096 0.41040000000000004 1.8579999999999999
7.218 9.948 7.895999999999999 2.7110000000000003 -0.4810000000000001 3.005 0.24599999999999997 0.41759999999999997 2.443
7.242 9.918 7.950000000000001 2.9419999999999997 -0.6909999999999998 3.082 0.2424 0.42239999999999994 2.326
10.17 7.23 7.9319999999999995 -0.6489999999999998 2.956 2.8789999999999996 0.41459999999999997 0.2304 2.137
7.188000000000001 9.99 7.92 2.718 -0.8099999999999998 3.005 0.2802 0.41519999999999996 1.744
7.1819999999999995 10.14 7.938000000000001 2.6830000000000003 -0.42500000000000004 3.1870000000000003 0.258 0.3858 1.99
9.966000000000001 7.224 7.902000000000001 -0.53 3.11 2.956 0.4332 0.24180000000000001 1.72
7.200000000000001 10.002 7.950000000000001 2.9419999999999997 -0.45300000000000007 3.005 0.2724 0.3918 2.707
9.93 7.193999999999999 7.92 -0.5230000000000001 2.718 3.054 0.42779999999999996 0.25139999999999996 2.293
7.943999999999999 10.098 7.188000000000001 2.8369999999999997 -0.4039999999999999 2.8859999999999997 0.3366 0.4122 2.6020000000000003
7.950000000000001 9.894 7.176 3.026 -0.45300000000000007 2.9769999999999994 0.3144 0.4116 2.365
7.902000000000001 10.062000000000001 7.1819999999999995 3.166 -0.5860000000000001 2.7460000000000004 0.29519999999999996 0.4446 2.455
7.242 9.846 7.9319999999999995 2.6970000000000005 -0.7120000000000002 3.2079999999999997 0.24899999999999997 0.447 1.981
7.193999999999999 9.984 7.902000000000001 2.7880000000000003 -0.5510000000000002 3.054 0.2334 0.3924 1.885
7.193999999999999 9.924 7.926 2.5360000000000005 -0.3619999999999999 3.215 0.29519999999999996 0.39840000000000003 2.191
7.926 9.978 7.17 3.1029999999999998 -0.516 2.508 0.35819999999999996 0.3864 2.065
10.146 7.212000000000001 7.938000000000001 -0.6840000000000002 3.012 2.907 0.426 0.216 1.915
7.9319999999999995 10.074 7.17 3.1310000000000002 -0.383 2.7460000000000004 0.36479999999999996 0.39840000000000003 2.068
7.164000000000001 10.116000000000001 7.92 3.005 -0.5720000000000001 2.7950000000000004 0.2352 0.3804 2.287
7.2059999999999995 10.068000000000001 7.9319999999999995 2.6480000000000006 -0.397 2.9839999999999995 0.2904 0.3846 2.407
7.236000000000001 9.972000000000001 7.926 2.7040000000000006 -0.45300000000000007 3.1029999999999998 0.2742 0.41339999999999993 2.851
7.1819999999999995 10.032 7.9319999999999995 2.8579999999999997 -0.43900000000000006 3.159 0.2658 0.3882 2.197
7.242 10.122 7.914000000000001 2.9699999999999998 -0.6420000000000001 3.019 0.2274 0.3924 2.143
7.92 10.074 7.1819999999999995 3.1519999999999997 -0.6769999999999998 3.068 0.3414 0.35879999999999995 1.639
7.212000000000001 9.876000000000001 7.914000000000001 2.851 -0.6349999999999998 2.9839999999999995 0.261 0.41819999999999996 2.2
7.9079999999999995 9.954 7.218 3.0469999999999997 -0.44599999999999995 3.054 0.32880000000000004 0.3918 1.675
10.133999999999999 7.176 7.9079999999999995 -0.488 3.327 2.8719999999999994 0.4392 0.19920000000000002 2.044
9.954 7.17 7.914000000000001 -0.6349999999999998 3.166 2.7530000000000006 0.4098 0.2268 1.729
7.1579999999999995 10.032 7.9079999999999995 3.4600000000000004 -0.6909999999999998 3.054 0.2382 0.3966 2.836
7.914000000000001 9.948 7.1579999999999995 2.956 -0.6980000000000002 2.7390000000000003 0.3078 0.42779999999999996 3.379
7.152000000000001 10.014 7.938000000000001 2.9839999999999995 -0.5090000000000001 2.9839999999999995 0.24539999999999998 0.43739999999999996 1.993
7.902000000000001 9.954 7.212000000000001 3.138 -0.5929999999999997 2.9839999999999995 0.3894 0.37679999999999997 2.956
10.002 7.218 7.9079999999999995 -0.6980000000000002 2.6550000000000002 2.9419999999999997 0.429 0.2502 2.449
7.224 10.229999999999999 7.8839999999999995 2.6270000000000002 -0.5090000000000001 3.138 0.2688 0.39540000000000003 2.38
7.176 10.014 7.926 2.9909999999999997 -0.5650000000000002 2.9839999999999995 0.24 0.4482 2.116
7.176 9.858 7.9319999999999995 2.8090000000000006 -0.6280000000000001 3.1310000000000002 0.25079999999999997 0.447 2.089
10.128 7.188000000000001 7.92 -0.29200000000000004 2.8649999999999993 3.061 0.40440000000000004 0.2334 2.008
10.074 7.176 7.847999999999999 -0.45300000000000007 2.907 2.9209999999999994 0.42719999999999997 0.2274 1.885
7.188000000000001 9.978 7.9079999999999995 2.8090000000000006 -0.4179999999999999 3.1449999999999996 0.2994 0.402 2.581
10.038 7.188000000000001 7.926 -0.6140000000000001 2.9909999999999997 2.8859999999999997 0.3714 0.258 3.997
7.193999999999999 9.738 7.895999999999999 3.11 -0.8799999999999999 3.341 0.26339999999999997 0.45539999999999997 1.903
10.032 7.200000000000001 7.92 -0.45300000000000007 2.9419999999999997 3.32 0.3966 0.2376 2.7279999999999998
7.176 10.068000000000001 7.914000000000001 3.1029999999999998 -0.5650000000000002 3.271 0.2736 0.435 2.293
7.188000000000001 10.128 7.9319999999999995 2.9769999999999994 -0.3899999999999999 2.9699999999999998 0.2196 0.42839999999999995 2.0140000000000002
7.926 10.062000000000001 7.176 2.7880000000000003 -0.6000000000000001 2.62 0.3252 0.41819999999999996 2.242
9.978 7.2059999999999995 7.9079999999999995 -0.53 2.9279999999999995 3.194 0.4086 0.25139999999999996 2.854
7.188000000000001 9.954 7.914000000000001 2.8719999999999994 -0.5720000000000001 3.166 0.29159999999999997 0.402 1.558
7.17 9.744 7.914000000000001 3.278 -0.6840000000000002 3.1029999999999998 0.2568 0.41100000000000003 2.3529999999999998
9.96 7.164000000000001 7.895999999999999 -0.474 3.005 2.8159999999999994 0.3822 0.25379999999999997 2.26
10.062000000000001 7.2059999999999995 7.902000000000001 -0.5370000000000001 2.676 2.7460000000000004 0.43019999999999997 0.24479999999999996 2.689
7.92 9.942 7.188000000000001 3.278 -0.44599999999999995 2.9209999999999994 0.26639999999999997 0.42839999999999995 2.983
9.984 7.224 7.938000000000001 -0.6560000000000001 3.1519999999999997 2.8649999999999993 0.4002 0.2688 3.004
7.212000000000001 9.744 7.92 2.9979999999999998 -0.6980000000000002 3.061 0.2496 0.41579999999999995 2.746
7.914000000000001 10.332 7.193999999999999 2.8579999999999997 -0.516 2.963 0.3372 0.3888 1.84
7.92 10.086 7.23 3.0889999999999995 -0.4039999999999999 2.9769999999999994 0.3282 0.42539999999999994 1.855
7.152000000000001 10.08 7.9079999999999995 2.6410000000000005 -0.6700000000000002 3.075 0.2286 0.4098 2.731
7.902000000000001 10.17 7.1819999999999995 3.0469999999999997 -0.45999999999999996 3.2569999999999997 0.294 0.39540000000000003 2.245
7.1579999999999995 9.918 7.859999999999999 2.963 -0.369 3.1449999999999996 0.25079999999999997 0.41819999999999996 1.831
7.92 10.05 7.200000000000001 2.9909999999999997 -0.516 2.725 0.3306 0.3858 2.485
7.140000000000001 9.882 7.895999999999999 3.264 -0.5370000000000001 2.8789999999999996 0.2382 0.41519999999999996 2.548
7.212000000000001 10.056 7.926 2.4939999999999998 -0.43199999999999994 3.1029999999999998 0.303 0.4038 2.644
7.23 9.744 7.914000000000001 3.0959999999999996 -0.8939999999999999 3.173 0.2646 0.44339999999999996 1.897
7.176 10.158 7.847999999999999 3.0469999999999997 -0.7680000000000002 2.7600000000000007 0.24719999999999998 0.4116 2.92
7.2059999999999995 9.93 7.938000000000001 2.907 -0.6840000000000002 3.0889999999999995 0.2808 0.4206 2.185
7.188000000000001 10.08 7.902000000000001 2.893 -0.7400000000000002 2.9419999999999997 0.2868 0.3948 2.563
7.145999999999999 9.93 7.8839999999999995 3.285 -0.5090000000000001 2.9279999999999995 0.21059999999999998 0.4506 1.7530000000000001
7.895999999999999 9.996 7.236000000000001 3.4040000000000004 -0.4670000000000001 3.0329999999999995 0.30119999999999997 0.43679999999999997 2.401
7.914000000000001 10.212 7.176 3.173 -0.474 2.851 0.2976 0.41519999999999996 2.17
7.248000000000001 9.798 7.9079999999999995 2.718 -0.8099999999999998 2.949 0.2682 0.40800000000000003 2.176
7.9559999999999995 9.9 7.218 3.138 -0.383 2.515 0.3234 0.3942 1.912
7.938000000000001 10.056 7.218 3.11 -0.53 2.8579999999999997 0.3336 0.414 2.8
10.038 7.164000000000001 7.938000000000001 -0.5090000000000001 3.327 2.9699999999999998 0.43379999999999996 0.2712 2.764
7.122 10.104 7.8839999999999995 3.1870000000000003 -0.544 2.949 0.2646 0.40800000000000003 2.434
7.1819999999999995 9.972000000000001 7.943999999999999 3.173 -0.516 3.2079999999999997 0.2358 0.41819999999999996 2.6500000000000004
7.2059999999999995 9.972000000000001 7.914000000000001 2.7110000000000003 -0.6349999999999998 3.173 0.2562 0.41459999999999997 1.957
9.972000000000001 7.188000000000001 7.962000000000001 -0.6140000000000001 3.075 3.11 0.42 0.25079999999999997 1.945
7.9079999999999995 10.104 7.1819999999999995 2.9769999999999994 -0.6769999999999998 2.9 0.3366 0.3792 2.335
7.914000000000001 10.086 7.212000000000001 2.8369999999999997 -0.6840000000000002 2.8579999999999997 0.34559999999999996 0.37979999999999997 2.518
7.212000000000001 9.852 7.895999999999999 2.8159999999999994 -0.558 3.0959999999999996 0.2556 0.41759999999999997 2.347
9.984 7.193999999999999 7.914000000000001 -0.6909999999999998 2.6410000000000005 3.1029999999999998 0.4038 0.2682 2.29
9.911999999999999 7.2059999999999995 7.878 -0.6629999999999998 2.9 2.8159999999999994 0.42539999999999994 0.24899999999999997 2.518
9.918 7.193999999999999 7.92 -0.474 2.8719999999999994 3.068 0.3732 0.2436 1.174
9.882 7.140000000000001 7.9079999999999995 -0.41100000000000003 3.075 3.1029999999999998 0.426 0.2382 2.566
7.1579999999999995 10.044 7.914000000000001 2.676 -0.3340000000000001 3.3480000000000003 0.282 0.366 2.3680000000000003
10.062000000000001 7.17 7.938000000000001 -0.5929999999999997 3.082 3.061 0.4086 0.25739999999999996 2.365
10.002 7.242 7.902000000000001 -0.5929999999999997 2.844 2.9769999999999994 0.4548 0.24479999999999996 2.053
7.914000000000001 10.104 7.26 2.9419999999999997 -0.5510000000000002 3.054 0.285 0.4416 1.984
7.950000000000001 10.002 7.23 3.278 -0.488 2.8579999999999997 0.34619999999999995 0.4038 3.151
9.774000000000001 7.17 7.92 -0.544 2.7950000000000004 2.9 0.44339999999999996 0.2334 1.93
7.9079999999999995 10.056 7.218 2.8719999999999994 -0.502 2.5850000000000004 0.29519999999999996 0.4602 2.338
7.23 9.864 7.950000000000001 2.6970000000000005 -0.6209999999999998 3.138 0.26339999999999997 0.4206 3.097
7.200000000000001 10.05 7.92 2.8859999999999997 -0.2430000000000001 3.138 0.2388 0.37079999999999996 1.612
7.991999999999999 10.11 7.176 3.019 -0.516 2.956 0.3024 0.4086 1.8699999999999999
7.950000000000001 10.194 7.236000000000001 2.7670000000000003 -0.6700000000000002 2.8299999999999996 0.312 0.45239999999999997 3.0759999999999996
7.1579999999999995 10.062000000000001 7.890000000000001 3.215 -0.383 3.075 0.25139999999999996 0.40440000000000004 2.11
7.9319999999999995 10.116000000000001 7.140000000000001 3.0889999999999995 -0.558 2.718 0.3132 0.42419999999999997 2.6590000000000003
7.176 9.834 7.938000000000001 2.9979999999999998 -0.5650000000000002 2.963 0.2424 0.4326 2.614
7.188000000000001 9.93 7.950000000000001 3.019 -0.7400000000000002 2.8719999999999994 0.21359999999999998 0.43679999999999997 2.377
7.914000000000001 9.942 7.188000000000001 2.9979999999999998 -0.558 2.9979999999999998 0.3366 0.4098 2.161
9.894 7.17 7.902000000000001 -0.7120000000000002 2.8649999999999993 2.949 0.4062 0.2874 2.359
7.9079999999999995 10.008 7.17 2.907 -0.6629999999999998 2.6480000000000006 0.3168 0.4266 2.2569999999999997
10.020000000000001 7.2059999999999995 7.9319999999999995 -0.42500000000000004 3.1449999999999996 2.956 0.43139999999999995 0.2436 2.2030000000000003
7.9079999999999995 10.05 7.145999999999999 3.0959999999999996 -0.6420000000000001 3.124 0.3264 0.4026 2.158
7.200000000000001 10.056 7.926 2.9349999999999996 -0.3550000000000002 3.2009999999999996 0.288 0.369 2.941
7.895999999999999 9.942 7.164000000000001 3.2009999999999996 -0.3340000000000001 2.949 0.318 0.41819999999999996 2.209
7.23 10.212 7.9559999999999995 2.8579999999999997 -0.32000000000000006 3.278 0.282 0.3918 1.8010000000000002
9.99 7.1579999999999995 7.902000000000001 -0.4810000000000001 2.6550000000000002 3.117 0.4086 0.2328 3.127
7.1579999999999995 9.876000000000001 7.92 2.7110000000000003 -0.6700000000000002 3.285 0.24779999999999996 0.41279999999999994 2.974
7.224 9.942 7.9079999999999995 2.963 -0.43900000000000006 2.718 0.2322 0.4236 1.855
9.822 7.224 7.92 -0.43900000000000006 3.2009999999999996 3.061 0.43379999999999996 0.255 2.437
9.888 7.1579999999999995 7.9319999999999995 -0.6560000000000001 3.25 3.215 0.4266 0.2244 3.1239999999999997
7.1819999999999995 9.804 7.938000000000001 2.599 -0.6700000000000002 2.963 0.24779999999999996 0.49319999999999997 2.464
7.164000000000001 9.978 7.902000000000001 3.005 -0.4950000000000001 2.7950000000000004 0.24599999999999997 0.3942 2.497
7.1579999999999995 9.822 7.895999999999999 3.0329999999999995 -0.53 2.7600000000000007 0.22139999999999999 0.3936 2.68
7.176 9.99 7.902000000000001 2.7600000000000007 -0.264 3.117 0.2706 0.4206 2.605
9.96 7.188000000000001 7.926 -0.7400000000000002 2.949 3.005 0.41339999999999993 0.25139999999999996 2.143
7.224 10.038 7.950000000000001 2.9279999999999995 -0.6420000000000001 3.0889999999999995 0.2712 0.3876 1.951
9.894 7.212000000000001 7.914000000000001 -0.6000000000000001 2.9419999999999997 2.9909999999999997 0.43379999999999996 0.2376 2.314
7.926 10.05 7.17 2.6830000000000003 -0.7960000000000003 3.019 0.3186 0.4266 2.5060000000000002
7.1819999999999995 9.815999999999999 7.914000000000001 3.0329999999999995 -0.6140000000000001 2.963 0.28559999999999997 0.4062 2.092
7.200000000000001 10.05 7.943999999999999 2.844 -0.5230000000000001 3.1029999999999998 0.2778 0.42419999999999997 2.425
7.950000000000001 9.984 7.1819999999999995 2.9769999999999994 -0.488 2.452 0.3114 0.42419999999999997 2.3920000000000003
9.954 7.2059999999999995 7.914000000000001 -0.6209999999999998 2.8159999999999994 2.963 0.42719999999999997 0.20819999999999997 2.167
7.2780000000000005 10.032 7.943999999999999 2.8299999999999996 -0.4810000000000001 2.9769999999999994 0.2568 0.43439999999999995 2.668
7.272 9.996 7.92 2.4170000000000003 -0.5860000000000001 3.166 0.2754 0.4002 2.6740000000000004
7.926 10.074 7.26 3.2079999999999997 -0.5929999999999997 2.8159999999999994 0.3084 0.426 2.332
7.164000000000001 9.99 7.9079999999999995 3.3129999999999997 -0.7540000000000002 2.7040000000000006 0.2286 0.4416 2.059
7.224 9.888 7.943999999999999 2.8649999999999993 -0.7049999999999998 3.138 0.25379999999999997 0.4452 2.038
9.966000000000001 7.188000000000001 7.9319999999999995 -0.5230000000000001 3.082 2.9279999999999995 0.43139999999999995 0.24899999999999997 2.794
7.1339999999999995 10.128 7.943999999999999 2.8789999999999996 -0.6420000000000001 2.963 0.258 0.3564 1.663
7.1819999999999995 10.020000000000001 7.895999999999999 3.005 -0.7540000000000002 2.8090000000000006 0.2178 0.41939999999999994 2.4699999999999998
7.9559999999999995 9.972000000000001 7.212000000000001 3.18 -0.474 3.068 0.2958 0.41040000000000004 2.122
9.942 7.200000000000001 7.890000000000001 -0.5650000000000002 3.0329999999999995 2.9839999999999995 0.3876 0.26339999999999997 2.056
9.792 7.17 7.9079999999999995 -0.21500000000000008 3.166 3.005 0.4416 0.2382 1.597
7.1579999999999995 10.014 7.890000000000001 2.949 -0.6909999999999998 3.236 0.2382 0.4056 2.509
7.176 9.936 7.92 2.7530000000000006 -0.4670000000000001 3.222 0.24479999999999996 0.45299999999999996 2.6470000000000002
9.744 7.164000000000001 7.92 -0.488 3.0469999999999997 3.306 0.402 0.2328 2.6350000000000002
7.152000000000001 9.882 7.890000000000001 2.9 -0.558 2.7530000000000006 0.22619999999999998 0.3906 1.879
7.212000000000001 9.798 7.92 2.9839999999999995 -0.7120000000000002 3.285 0.24659999999999999 0.4092 2.665
9.984 7.17 7.902000000000001 -0.7469999999999999 2.893 2.8719999999999994 0.4356 0.2274 2.413
7.2540000000000004 9.942 7.926 2.9349999999999996 -0.7749999999999999 3.0889999999999995 0.2556 0.42479999999999996 2.173
7.212000000000001 10.104 7.938000000000001 2.3329999999999997 -0.3619999999999999 3.222 0.2844 0.3786 2.455
7.236000000000001 10.128 7.962000000000001 2.9979999999999998 -0.383 3.2569999999999997 0.2742 0.41519999999999996 1.732
7.926 10.05 7.212000000000001 2.949 -0.6560000000000001 2.7530000000000006 0.285 0.42719999999999997 2.401
10.026 7.164000000000001 7.926 -0.8449999999999999 2.774 2.9699999999999998 0.4038 0.2556 1.828
7.188000000000001 10.068000000000001 7.878 2.606 -0.516 3.068 0.237 0.423 2.6260000000000003
10.008 7.212000000000001 7.8839999999999995 -0.5929999999999997 2.7600000000000007 2.8649999999999993 0.39540000000000003 0.2772 2.383
7.176 10.044 7.902000000000001 2.9279999999999995 -0.7820000000000003 2.956 0.23399999999999999 0.414 2.128
9.93 7.188000000000001 7.926 -0.558 2.8579999999999997 3.341 0.3852 0.2562 1.999
7.164000000000001 9.996 7.914000000000001 3.278 -0.502 2.8090000000000006 0.24180000000000001 0.441 2.098
7.92 10.026 7.212000000000001 3.2920000000000003 -0.53 2.781 0.3366 0.41040000000000004 2.4219999999999997
10.032 7.164000000000001 7.914000000000001 -0.474 2.8579999999999997 3.3129999999999997 0.43439999999999995 0.25139999999999996 1.8370000000000002
7.9559999999999995 9.942 7.145999999999999 2.963 -0.488 2.844 0.33180000000000004 0.40800000000000003 2.2329999999999997
7.193999999999999 10.14 7.926 2.774 -0.3899999999999999 2.8229999999999995 0.2316 0.3942 2.4459999999999997
7.248000000000001 10.044 7.926 2.7600000000000007 -0.5370000000000001 3.019 0.273 0.3684 2.509
7.9319999999999995 10.187999999999999 7.188000000000001 3.061 -0.6280000000000001 2.9209999999999994 0.33540000000000003 0.43679999999999997 2.14
7.914000000000001 10.014 7.1819999999999995 2.9909999999999997 -0.6700000000000002 2.781 0.33959999999999996 0.4038 2.068
9.948 7.218 7.9079999999999995 -0.43199999999999994 2.7880000000000003 2.8649999999999993 0.426 0.222 2.617
10.038 7.193999999999999 7.890000000000001 -0.6280000000000001 2.8859999999999997 3.068 0.3906 0.2808 2.9770000000000003
7.176 9.732 7.9079999999999995 2.8020000000000005 -0.6280000000000001 3.4040000000000004 0.28559999999999997 0.4062 2.395
9.996 7.176 7.890000000000001 -0.6069999999999998 3.054 3.026 0.41519999999999996 0.2196 1.8579999999999999
10.008 7.188000000000001 7.943999999999999 -0.488 3.215 3.019 0.4086 0.22499999999999998 2.431
9.876000000000001 7.1819999999999995 7.895999999999999 -0.558 2.9909999999999997 2.907 0.4416 0.2676 2.104
9.798 7.212000000000001 7.926 -0.6909999999999998 2.6900000000000004 3.012 0.4056 0.2724 2.098
10.044 7.1579999999999995 7.926 -0.7120000000000002 2.9909999999999997 2.9769999999999994 0.42119999999999996 0.29219999999999996 2.839
9.942 7.176 7.926 -0.6280000000000001 3.026 3.0329999999999995 0.4008 0.2814 2.785
7.895999999999999 10.11 7.248000000000001 3.1870000000000003 -0.2849999999999999 2.613 0.3156 0.4122 1.879
7.23 9.672 7.914000000000001 3.012 -0.6069999999999998 2.949 0.2928 0.42839999999999995 1.744
7.218 10.026 7.914000000000001 3.0399999999999996 -0.45999999999999996 2.9699999999999998 0.24539999999999998 0.4002 3.088
7.176 9.911999999999999 7.938000000000001 3.005 -0.502 3.229 0.28319999999999995 0.4476 3.151
7.2059999999999995 10.038 7.943999999999999 2.5290000000000004 -0.5510000000000002 3.1870000000000003 0.2532 0.3636 2.437
7.23 9.93 7.914000000000001 2.851 -0.5720000000000001 3.2430000000000003 0.27 0.41279999999999994 2.335
7.248000000000001 10.032 7.938000000000001 2.7110000000000003 -0.5510000000000002 2.9419999999999997 0.28259999999999996 0.41040000000000004 2.239
9.942 7.193999999999999 7.950000000000001 -0.4810000000000001 2.7040000000000006 2.8159999999999994 0.393 0.25439999999999996 2.3200000000000003
10.212 7.193999999999999 7.92 -0.5789999999999997 3.124 3.012 0.3714 0.2778 2.86
7.943999999999999 9.996 7.152000000000001 3.026 -0.4670000000000001 2.8299999999999996 0.30419999999999997 0.4392 2.938
9.9 7.224 7.9079999999999995 -0.5929999999999997 3.159 2.8020000000000005 0.3864 0.26039999999999996 2.866
7.9319999999999995 9.99 7.1579999999999995 3.222 -0.6769999999999998 2.9979999999999998 0.3 0.41339999999999993 3.187
9.828 7.212000000000001 7.9559999999999995 -0.8589999999999999 2.9909999999999997 3.0889999999999995 0.41939999999999994 0.22499999999999998 2.308
7.2059999999999995 10.187999999999999 7.890000000000001 2.4730000000000003 -0.5929999999999997 3.159 0.24 0.44039999999999996 1.822
10.056 7.224 7.9079999999999995 -0.474 2.9139999999999997 2.9419999999999997 0.44339999999999996 0.2292 2.509
10.11 7.2059999999999995 7.9319999999999995 -0.6069999999999998 3.124 2.8020000000000005 0.42 0.2298 2.866
10.08 7.236000000000001 7.9079999999999995 -0.474 3.138 3.159 0.4536 0.24779999999999996 1.999
7.164000000000001 9.906 7.938000000000001 2.6970000000000005 -0.502 3.1029999999999998 0.2562 0.3972 2.326
7.938000000000001 10.038 7.2059999999999995 2.9839999999999995 -0.558 2.718 0.3162 0.41279999999999994 1.6840000000000002
7.193999999999999 10.11 7.938000000000001 2.844 -0.502 2.956 0.23099999999999998 0.42419999999999997 3.415
7.236000000000001 9.924 7.92 2.9139999999999997 -0.5510000000000002 3.166 0.264 0.4458 2.161
7.926 10.122 7.224 2.844 -0.4950000000000001 2.613 0.35879999999999995 0.4038 2.041
9.936 7.188000000000001 7.926 -0.8379999999999999 3.068 3.019 0.4038 0.2616 2.416
10.194 7.1819999999999995 7.938000000000001 -0.3340000000000001 2.7040000000000006 3.005 0.4008 0.261 3.112
9.942 7.2059999999999995 7.890000000000001 -0.6280000000000001 2.9769999999999994 2.732 0.41579999999999995 0.237 2.713
7.218 9.924 7.926 2.6550000000000002 -0.3270000000000002 3.222 0.312 0.4032 2.599
7.938000000000001 10.212 7.2059999999999995 2.9419999999999997 -0.53 2.7390000000000003 0.33779999999999993 0.39 2.02
7.1819999999999995 9.918 7.8660000000000005 3.32 -0.7609999999999999 2.7670000000000003 0.243 0.3822 1.675
7.152000000000001 9.996 7.926 3.18 -0.7189999999999999 3.1310000000000002 0.24719999999999998 0.423 2.341
9.9 7.218 7.902000000000001 -0.31299999999999994 2.774 3.271 0.41279999999999994 0.24779999999999996 2.395
9.84 7.2059999999999995 7.9319999999999995 -0.6700000000000002 3.25 3.1449999999999996 0.44339999999999996 0.2352 1.96
9.942 7.164000000000001 7.926 -0.8029999999999998 3.1449999999999996 3.0329999999999995 0.42779999999999996 0.24599999999999997 1.948
7.17 10.056 7.902000000000001 2.949 -0.6280000000000001 3.075 0.28259999999999996 0.35459999999999997 2.7009999999999996
7.1579999999999995 10.086 7.926 3.0399999999999996 -0.5650000000000002 3.236 0.243 0.42839999999999995 2.4459999999999997
7.2059999999999995 9.894 7.9319999999999995 2.9139999999999997 -0.5510000000000002 3.068 0.2754 0.4032 1.639
9.918 7.224 7.92 -0.6769999999999998 2.9279999999999995 3.215 0.402 0.21719999999999998 2.7399999999999998
7.152000000000001 10.002 7.9079999999999995 2.9209999999999994 -0.29200000000000004 2.956 0.2628 0.4062 1.738
7.902000000000001 10.164 7.188000000000001 3.173 -0.7609999999999999 2.8859999999999997 0.3138 0.414 1.927
7.902000000000001 9.984 7.218 3.2569999999999997 -0.7260000000000002 2.9349999999999996 0.318 0.4056 2.026
7.193999999999999 9.84 7.92 3.0889999999999995 -0.6700000000000002 3.0469999999999997 0.18839999999999998 0.426 3.031
7.164000000000001 10.212 7.943999999999999 2.9979999999999998 -0.502 3.0329999999999995 0.30119999999999997 0.41639999999999994 2.986
7.2059999999999995 9.924 7.938000000000001 2.501 -0.4039999999999999 3.1029999999999998 0.2592 0.37979999999999997 2.17
9.972000000000001 7.176 7.943999999999999 -0.544 2.9349999999999996 2.9979999999999998 0.41639999999999994 0.2208 2.6710000000000003
7.200000000000001 9.786 7.938000000000001 2.599 -0.7120000000000002 3.159 0.24 0.43739999999999996 2.05
7.23 10.020000000000001 7.9079999999999995 2.5920000000000005 -0.6349999999999998 2.949 0.2946 0.3828 1.894
7.193999999999999 10.056 7.914000000000001 3.138 -0.6420000000000001 3.173 0.2688 0.423 1.792
7.1579999999999995 10.038 7.914000000000001 2.7600000000000007 -0.3340000000000001 2.8649999999999993 0.2178 0.414 2.3529999999999998
7.176 9.924 7.9079999999999995 3.362 -0.6700000000000002 3.1029999999999998 0.2226 0.4662 1.783
7.164000000000001 9.864 7.914000000000001 3.026 -0.488 3.0889999999999995 0.26639999999999997 0.42239999999999994 2.5
10.086 7.23 7.938000000000001 -0.41100000000000003 2.8789999999999996 2.9979999999999998 0.42539999999999994 0.255 2.0170000000000003
10.020000000000001 7.224 7.943999999999999 -0.488 2.7530000000000006 3.1029999999999998 0.39 0.2706 2.104
7.1819999999999995 10.086 7.9559999999999995 2.781 -0.44599999999999995 3.18 0.24779999999999996 0.4062 2.719
7.212000000000001 9.918 7.9559999999999995 2.963 -0.4179999999999999 3.082 0.252 0.3684 2.065
7.188000000000001 10.086 7.914000000000001 3.075 -0.6700000000000002 3.012 0.2274 0.40740000000000004 1.8370000000000002
7.1819999999999995 9.99 7.914000000000001 2.8299999999999996 -0.558 3.075 0.24599999999999997 0.4056 2.302
7.878 10.008 7.212000000000001 3.1029999999999998 -0.45300000000000007 2.8719999999999994 0.29519999999999996 0.41639999999999994 2.875
7.92 9.978 7.164000000000001 2.9419999999999997 -0.3550000000000002 2.508 0.35879999999999995 0.41819999999999996 2.833
10.008 7.193999999999999 7.938000000000001 -0.488 2.9349999999999996 2.851 0.39840000000000003 0.25079999999999997 2.173
7.193999999999999 10.164 7.938000000000001 3.019 -0.7049999999999998 2.8649999999999993 0.24659999999999999 0.3978 2.092
7.2059999999999995 9.684000000000001 7.926 3.075 -0.7540000000000002 3.285 0.24899999999999997 0.4062 3.106
7.236000000000001 9.894 7.92 3.194 -0.544 2.893 0.26639999999999997 0.405 1.999
9.978 7.2059999999999995 7.92 -0.7400000000000002 3.159 3.082 0.43679999999999997 0.2352 2.173
7.193999999999999 10.068000000000001 7.9319999999999995 3.1870000000000003 -0.7260000000000002 3.264 0.2736 0.42719999999999997 2.3289999999999997
7.236000000000001 10.277999999999999 7.902000000000001 2.949 -0.502 2.9909999999999997 0.2754 0.423 1.969
9.888 7.242 7.902000000000001 -0.6840000000000002 2.956 3.0889999999999995 0.41279999999999994 0.2178 1.732
7.926 9.99 7.193999999999999 3.0959999999999996 -0.21500000000000008 2.7950000000000004 0.333 0.417 1.8010000000000002
7.914000000000001 10.17 7.212000000000001 2.9699999999999998 -0.6000000000000001 2.62 0.29219999999999996 0.4362 2.41
10.098 7.17 7.895999999999999 -0.5789999999999997 2.9979999999999998 3.054 0.4206 0.25139999999999996 2.068
7.193999999999999 10.044 7.9319999999999995 2.8299999999999996 -0.6140000000000001 3.012 0.24479999999999996 0.3792 2.035
7.92 10.056 7.140000000000001 3.012 -0.4810000000000001 2.9 0.32580000000000003 0.4002 1.774
10.05 7.164000000000001 7.938000000000001 -0.4179999999999999 2.7530000000000006 3.0889999999999995 0.41939999999999994 0.23099999999999998 2.116
7.968 10.133999999999999 7.176 3.306 -0.2569999999999999 2.7110000000000003 0.324 0.4092 1.999
7.2059999999999995 9.828 7.943999999999999 2.487 -0.6000000000000001 3.264 0.2316 0.4512 2.449
9.984 7.2059999999999995 7.895999999999999 -0.5370000000000001 3.0329999999999995 3.18 0.4062 0.24599999999999997 2.41
7.224 9.918 7.9559999999999995 2.9769999999999994 -0.45300000000000007 3.026 0.306 0.3816 2.299
9.972000000000001 7.188000000000001 7.8660000000000005 -0.6140000000000001 3.0889999999999995 3.138 0.42239999999999994 0.2238 1.6360000000000001
9.864 7.212000000000001 7.943999999999999 -0.7189999999999999 2.9699999999999998 2.676 0.40140000000000003 0.2304 3.043
7.9319999999999995 10.014 7.2059999999999995 3.1310000000000002 -0.7189999999999999 3.082 0.3168 0.3972 1.675
7.188000000000001 10.026 7.902000000000001 2.8299999999999996 -0.5650000000000002 3.271 0.28319999999999995 0.4572 2.464
7.895999999999999 10.014 7.2059999999999995 3.18 -0.516 2.718 0.3282 0.393 2.983
7.212000000000001 10.056 7.9079999999999995 3.1029999999999998 -0.5860000000000001 3.11 0.2976 0.4038 2.401
9.924 7.1819999999999995 7.92 -0.5720000000000001 2.8859999999999997 3.0959999999999996 0.438 0.2196 2.605
10.044 7.212000000000001 7.914000000000001 -0.8239999999999998 3.425 3.054 0.41040000000000004 0.2586 1.615
7.218 10.08 7.8839999999999995 2.9209999999999994 -0.5090000000000001 3.3480000000000003 0.2568 0.3978 1.663
7.2059999999999995 10.014 7.950000000000001 3.054 -0.41100000000000003 3.082 0.20639999999999997 0.4476 2.062
9.942 7.193999999999999 7.9319999999999995 -0.30600000000000005 2.851 3.1029999999999998 0.4332 0.2226 2.038
10.014 7.152000000000001 7.92 -0.45999999999999996 3.439 2.9349999999999996 0.42839999999999995 0.22139999999999999 1.912
10.11 7.1579999999999995 7.943999999999999 -0.7329999999999999 2.8159999999999994 2.781 0.41519999999999996 0.24539999999999998 1.993
9.966000000000001 7.193999999999999 7.8839999999999995 -0.6489999999999998 2.851 3.026 0.384 0.24779999999999996 2.251
7.902000000000001 9.99 7.1819999999999995 3.194 -0.5090000000000001 2.9769999999999994 0.3372 0.3696 2.263
7.200000000000001 10.032 7.9559999999999995 2.669 -0.5789999999999997 2.9699999999999998 0.25739999999999996 0.3774 2.752
9.906 7.200000000000001 7.92 -0.5090000000000001 2.851 3.019 0.3756 0.2364 1.969
7.9079999999999995 9.894 7.224 3.229 -0.488 2.9699999999999998 0.31980000000000003 0.405 2.761
7.212000000000001 9.924 7.92 2.7950000000000004 -0.6280000000000001 3.2569999999999997 0.25379999999999997 0.4392 2.479
7.92 10.062000000000001 7.200000000000001 3.341 -0.5650000000000002 2.9839999999999995 0.306 0.4362 2.005
7.176 9.894 7.926 2.9909999999999997 -0.7889999999999999 2.6410000000000005 0.24180000000000001 0.4116 2.083
7.926 10.14 7.176 2.7950000000000004 -0.6420000000000001 2.9349999999999996 0.29519999999999996 0.42539999999999994 2.008
7.200000000000001 9.9 7.92 2.4170000000000003 -0.5090000000000001 3.0469999999999997 0.3126 0.381 2.134
7.200000000000001 9.858 7.986000000000001 2.6970000000000005 -0.6069999999999998 2.956 0.2748 0.42719999999999997 2.722
7.176 9.84 7.895999999999999 3.019 -0.6069999999999998 2.9769999999999994 0.29159999999999997 0.396 2.158
9.984 7.1579999999999995 7.895999999999999 -0.53 2.9349999999999996 2.9419999999999997 0.4296 0.2376 2.218
7.9079999999999995 10.068000000000001 7.164000000000001 3.215 -0.5929999999999997 3.026 0.28559999999999997 0.40800000000000003 2.569
10.11 7.224 7.895999999999999 -0.5650000000000002 3.159 3.0959999999999996 0.42479999999999996 0.252 2.485
7.938000000000001 10.008 7.164000000000001 2.9699999999999998 -0.474 2.8579999999999997 0.3222 0.41339999999999993 3.112
7.1579999999999995 10.098 7.943999999999999 2.7040000000000006 -0.6980000000000002 2.9699999999999998 0.291 0.3996 1.78
7.914000000000001 10.11 7.242 3.061 -0.5929999999999997 2.7600000000000007 0.3156 0.3996 2.164
7.926 9.96 7.212000000000001 3.019 -0.5510000000000002 2.5360000000000005 0.333 0.40140000000000003 2.914
7.92 10.068000000000001 7.1819999999999995 2.9769999999999994 -0.45999999999999996 3.012 0.3264 0.4068 2.491
7.188000000000001 9.744 7.902000000000001 3.306 -0.7400000000000002 2.949 0.24719999999999998 0.41040000000000004 2.3890000000000002
7.164000000000001 9.924 7.8839999999999995 3.124 -0.3619999999999999 3.012 0.24 0.4086 1.5070000000000001
7.1819999999999995 9.954 7.902000000000001 2.7670000000000003 -0.22199999999999998 2.9419999999999997 0.20220000000000002 0.39 1.954
7.9319999999999995 9.924 7.193999999999999 3.0469999999999997 -0.6769999999999998 3.019 0.32880000000000004 0.4116 2.419
7.212000000000001 9.864 7.9079999999999995 2.8090000000000006 -0.5090000000000001 2.9349999999999996 0.2616 0.4206 1.798
7.224 10.158 7.9319999999999995 3.068 -0.6000000000000001 2.9139999999999997 0.2502 0.3966 2.6500000000000004
7.1579999999999995 9.954 7.878 3.054 -0.6069999999999998 2.9909999999999997 0.243 0.41819999999999996 2.944
7.9799999999999995 10.17 7.164000000000001 2.7390000000000003 -0.4179999999999999 2.7040000000000006 0.36779999999999996 0.4098 1.699
7.128 9.864 7.9079999999999995 3.5160000000000005 -0.5510000000000002 2.7950000000000004 0.24899999999999997 0.39540000000000003 2.371
7.140000000000001 9.924 7.8839999999999995 3.3480000000000003 -0.544 2.8369999999999997 0.2286 0.4566 2.485
7.943999999999999 10.08 7.2059999999999995 3.075 -0.544 3.068 0.32880000000000004 0.41100000000000003 2.0140000000000002
9.876000000000001 7.176 7.938000000000001 -0.6909999999999998 2.718 3.2430000000000003 0.3906 0.243 2.182
7.1819999999999995 9.815999999999999 7.92 2.907 -0.558 3.194 0.2904 0.41759999999999997 2.056
7.1819999999999995 10.008 7.914000000000001 2.9 -0.6209999999999998 2.7460000000000004 0.1968 0.4416 2.479
7.926 9.978 7.176 3.18 -0.474 2.9699999999999998 0.3144 0.4482 1.762
10.104 7.1819999999999995 7.8839999999999995 -0.502 3.341 2.8579999999999997 0.45539999999999997 0.20939999999999998 2.614
7.926 10.176 7.23 3.173 -0.5860000000000001 2.8719999999999994 0.34259999999999996 0.363 2.539
7.140000000000001 10.056 7.854000000000001 2.8649999999999993 -0.474 2.963 0.2118 0.4416 2.1189999999999998
7.212000000000001 10.026 7.92 2.599 -0.5230000000000001 3.005 0.2556 0.3924 3.031
7.1339999999999995 10.002 7.943999999999999 2.62 -0.5230000000000001 3.222 0.24479999999999996 0.41519999999999996 2.323
7.17 10.002 7.902000000000001 3.0329999999999995 -0.3759999999999999 3.117 0.30419999999999997 0.3876 1.867
7.1579999999999995 10.08 7.902000000000001 2.613 -0.516 3.138 0.243 0.40800000000000003 2.503
7.1579999999999995 9.918 7.902000000000001 3.075 -0.6000000000000001 3.18 0.2628 0.3762 2.053
7.1819999999999995 10.086 7.9079999999999995 3.159 -0.558 3.222 0.252 0.3714 2.3200000000000003
7.8839999999999995 9.9 7.164000000000001 3.0329999999999995 -0.44599999999999995 2.669 0.36119999999999997 0.3888 1.912
7.152000000000001 9.93 7.8660000000000005 3.0959999999999996 -0.6069999999999998 3.0399999999999996 0.20819999999999997 0.41519999999999996 2.02
9.768 7.188000000000001 7.926 -0.6000000000000001 2.7530000000000006 2.963 0.4458 0.25139999999999996 1.855
7.248000000000001 9.906 7.9319999999999995 2.7390000000000003 -0.4810000000000001 3.2079999999999997 0.2352 0.41040000000000004 1.699
7.218 10.086 7.943999999999999 2.669 -0.44599999999999995 3.173 0.2766 0.3996 1.729
7.895999999999999 9.99 7.1579999999999995 3.1870000000000003 -0.3899999999999999 2.907 0.3276 0.41579999999999995 3.1959999999999997
7.188000000000001 9.870000000000001 7.914000000000001 2.7600000000000007 -0.7260000000000002 3.012 0.2166 0.4482 2.884
7.92 9.99 7.1339999999999995 3.0399999999999996 -0.397 2.9139999999999997 0.3372 0.381 1.885
9.846 7.164000000000001 7.890000000000001 -0.5929999999999997 3.3129999999999997 3.124 0.42719999999999997 0.2388 2.098
10.002 7.1819999999999995 7.92 -0.5230000000000001 3.341 2.9209999999999994 0.41579999999999995 0.25079999999999997 1.909
7.9079999999999995 10.277999999999999 7.2059999999999995 3.2079999999999997 -0.502 3.1449999999999996 0.3018 0.4206 2.3049999999999997
7.17 9.876000000000001 7.9079999999999995 3.054 -0.6140000000000001 3.082 0.237 0.396 2.2569999999999997
7.193999999999999 10.164 7.938000000000001 2.9769999999999994 -0.5720000000000001 3.3129999999999997 0.2724 0.41759999999999997 2.2030000000000003
7.962000000000001 10.068000000000001 7.218 3.0399999999999996 -0.6700000000000002 3.117 0.3204 0.4728 1.783
7.1579999999999995 9.96 7.878 3.166 -0.6769999999999998 2.956 0.2238 0.44939999999999997 2.527
10.026 7.17 7.902000000000001 -0.4670000000000001 3.019 3.061 0.393 0.285 1.7469999999999999
7.200000000000001 9.966000000000001 7.895999999999999 3.1310000000000002 -0.7540000000000002 3.11 0.2682 0.43019999999999997 2.509
9.882 7.176 7.895999999999999 -0.45300000000000007 2.8649999999999993 2.963 0.43079999999999996 0.2376 2.986
7.242 10.008 7.938000000000001 2.851 -0.42500000000000004 3.0399999999999996 0.2688 0.357 1.963
7.9079999999999995 10.17 7.212000000000001 2.7950000000000004 -0.558 2.8859999999999997 0.3102 0.4356 3.142
7.200000000000001 10.086 7.914000000000001 2.7040000000000006 -0.42500000000000004 3.1449999999999996 0.2406 0.4038 2.536
7.236000000000001 10.128 7.943999999999999 2.7040000000000006 -0.6280000000000001 3.334 0.252 0.41759999999999997 3.121
7.2059999999999995 9.870000000000001 7.92 2.893 -0.6000000000000001 3.2569999999999997 0.25079999999999997 0.4236 1.627
7.212000000000001 9.948 7.9319999999999995 3.173 -0.44599999999999995 3.2569999999999997 0.2364 0.4572 2.8689999999999998
10.116000000000001 7.193999999999999 7.895999999999999 -0.502 3.194 3.012 0.3684 0.2682 2.23
7.890000000000001 9.996 7.224 3.082 -0.488 3.117 0.321 0.40800000000000003 2.137
7.8839999999999995 9.996 7.248000000000001 3.2430000000000003 -0.3270000000000002 2.7950000000000004 0.2928 0.4356 3.331
7.926 10.338000000000001 7.152000000000001 3.229 -0.3340000000000001 2.949 0.3282 0.41339999999999993 2.383
7.950000000000001 10.020000000000001 7.193999999999999 3.25 -0.3550000000000002 3.159 0.321 0.435 2.887
7.152000000000001 10.026 7.902000000000001 2.9979999999999998 -0.7329999999999999 2.732 0.216 0.4482 2.599
9.948 7.193999999999999 7.878 -0.4810000000000001 2.844 3.1029999999999998 0.4326 0.24719999999999998 1.948
10.092 7.193999999999999 7.878 -0.5789999999999997 3.25 2.9349999999999996 0.42239999999999994 0.2592 2.6470000000000002
7.902000000000001 10.229999999999999 7.193999999999999 2.8719999999999994 -0.43199999999999994 3.075 0.3168 0.42479999999999996 2.6590000000000003
9.984 7.218 7.92 -0.5720000000000001 3.026 2.8719999999999994 0.4236 0.2658 1.873
7.9079999999999995 9.911999999999999 7.2059999999999995 3.11 -0.4950000000000001 2.7110000000000003 0.3384 0.393 2.026
7.26 10.05 7.938000000000001 2.907 -0.7960000000000003 3.1029999999999998 0.22619999999999998 0.4086 1.798
7.188000000000001 9.936 7.8839999999999995 3.019 -0.34099999999999997 3.1310000000000002 0.255 0.4356 2.521
9.870000000000001 7.218 7.943999999999999 -0.5090000000000001 2.9979999999999998 3.0959999999999996 0.3918 0.25139999999999996 2.437
7.152000000000001 10.229999999999999 7.938000000000001 2.606 -0.4950000000000001 2.9349999999999996 0.29819999999999997 0.4038 2.995
7.193999999999999 9.75 7.895999999999999 2.9209999999999994 -0.5650000000000002 2.8579999999999997 0.2496 0.42479999999999996 2.515
9.804 7.1579999999999995 7.9319999999999995 -0.6700000000000002 3.075 3.2009999999999996 0.4032 0.2388 1.681
9.966000000000001 7.1579999999999995 7.92 -0.45999999999999996 2.8229999999999995 3.222 0.4098 0.2496 2.035
7.266 9.888 7.9319999999999995 2.9699999999999998 -0.7400000000000002 3.054 0.2568 0.435 2.521
7.2059999999999995 10.074 7.938000000000001 2.9839999999999995 -0.34099999999999997 3.166 0.24719999999999998 0.3786 3.0250000000000004
7.218 10.008 7.890000000000001 2.5850000000000004 -0.488 3.271 0.2598 0.405 1.921
7.29 9.96 7.92 2.774 -0.43900000000000006 3.215 0.2898 0.3858 2.341
7.2059999999999995 10.206 7.92 3.2920000000000003 -0.6840000000000002 2.9279999999999995 0.2238 0.3888 3.31
7.1819999999999995 10.164 7.926 2.8159999999999994 -0.4810000000000001 2.8159999999999994 0.2718 0.39540000000000003 2.092
9.882 7.164000000000001 7.92 -0.41100000000000003 2.9979999999999998 2.8719999999999994 0.42119999999999996 0.2328 1.348
9.84 7.152000000000001 7.902000000000001 -0.4810000000000001 2.844 3.019 0.41819999999999996 0.24899999999999997 2.1790000000000003
7.9319999999999995 9.96 7.242 2.949 -0.45300000000000007 2.9979999999999998 0.3132 0.43019999999999997 2.314
7.914000000000001 9.948 7.236000000000001 3.222 -0.3899999999999999 2.6970000000000005 0.3246 0.4356 3.373
7.938000000000001 10.116000000000001 7.193999999999999 2.9139999999999997 -0.6280000000000001 2.8579999999999997 0.3072 0.4062 2.7489999999999997
7.902000000000001 10.020000000000001 7.224 2.9349999999999996 -0.474 2.7460000000000004 0.3666 0.4662 2.539
7.9559999999999995 9.876000000000001 7.188000000000001 3.012 -0.53 2.7880000000000003 0.3168 0.3918 2.908
7.914000000000001 10.068000000000001 7.188000000000001 3.075 -0.4810000000000001 2.9909999999999997 0.3294 0.42539999999999994 1.7229999999999999
7.200000000000001 9.972000000000001 7.943999999999999 2.7460000000000004 -0.383 3.075 0.2874 0.3792 2.614
7.950000000000001 10.044 7.176 3.229 -0.488 2.8020000000000005 0.3138 0.4116 2.41
7.902000000000001 10.002 7.152000000000001 3.061 -0.53 2.9139999999999997 0.3366 0.432 3.061
7.9559999999999995 10.176 7.23 2.893 -0.6209999999999998 3.0889999999999995 0.32880000000000004 0.3852 1.7770000000000001
7.8839999999999995 9.96 7.218 3.2079999999999997 -0.7609999999999999 3.1519999999999997 0.303 0.43979999999999997 2.41
10.181999999999999 7.200000000000001 7.943999999999999 -0.8799999999999999 2.62 3.026 0.4326 0.2616 1.6179999999999999
9.852 7.164000000000001 7.938000000000001 -0.6840000000000002 2.907 3.0959999999999996 0.4548 0.2436 2.7039999999999997
9.834 7.266 7.92 -0.6420000000000001 2.8369999999999997 3.082 0.402 0.261 2.584
9.894 7.17 7.968 -0.6069999999999998 2.9699999999999998 3.1310000000000002 0.41759999999999997 0.2502 2.386
9.911999999999999 7.140000000000001 7.92 -0.32000000000000006 2.9279999999999995 3.068 0.4206 0.2424 2.0709999999999997
7.188000000000001 10.176 7.92 2.7110000000000003 -0.397 3.194 0.2814 0.3666 2.4459999999999997
7.9319999999999995 9.942 7.200000000000001 3.1449999999999996 -0.5090000000000001 3.012 0.32880000000000004 0.39540000000000003 2.347
9.936 7.188000000000001 7.926 -0.5860000000000001 3.11 3.194 0.3864 0.258 2.587
7.943999999999999 9.918 7.242 2.9909999999999997 -0.474 2.9209999999999994 0.3282 0.41939999999999994 2.011
7.224 10.038 7.938000000000001 2.7600000000000007 -0.45300000000000007 2.8789999999999996 0.279 0.3912 2.176
7.188000000000001 9.936 7.914000000000001 3.1310000000000002 -0.6769999999999998 3.2990000000000004 0.2616 0.4296 2.02
7.236000000000001 10.032 7.9319999999999995 2.9699999999999998 -0.6000000000000001 2.781 0.24659999999999999 0.3636 2.59
7.914000000000001 9.792 7.212000000000001 3.222 -0.44599999999999995 3.11 0.32880000000000004 0.387 1.999
10.164 7.193999999999999 7.902000000000001 -0.6700000000000002 2.9139999999999997 2.9279999999999995 0.4584 0.2424 2.491
7.200000000000001 9.864 7.914000000000001 2.676 -0.3899999999999999 3.082 0.273 0.417 2.779
7.224 10.092 7.914000000000001 2.8649999999999993 -0.6420000000000001 3.082 0.2676 0.384 2.491
9.948 7.152000000000001 7.895999999999999 -0.4950000000000001 2.55 3.0329999999999995 0.3858 0.2592 2.143
10.014 7.212000000000001 7.938000000000001 -0.3759999999999999 2.6830000000000003 2.9139999999999997 0.42119999999999996 0.216 2.6830000000000003
9.96 7.193999999999999 7.9079999999999995 -0.474 2.8859999999999997 2.9909999999999997 0.3786 0.24839999999999998 2.581
9.99 7.1819999999999995 7.914000000000001 -0.5929999999999997 3.1870000000000003 3.173 0.41100000000000003 0.2682 1.8250000000000002
7.218 9.792 7.895999999999999 3.068 -0.6420000000000001 2.9769999999999994 0.2568 0.4422 2.458
7.193999999999999 9.996 7.890000000000001 2.7880000000000003 -0.5860000000000001 3.0399999999999996 0.25139999999999996 0.41639999999999994 3.217
7.212000000000001 10.020000000000001 7.950000000000001 2.893 -0.6209999999999998 2.9699999999999998 0.2748 0.3774 2.26
7.200000000000001 9.984 7.950000000000001 3.11 -0.5650000000000002 3.0959999999999996 0.255 0.43019999999999997 1.9
10.044 7.236000000000001 7.890000000000001 -0.6280000000000001 3.173 3.068 0.4386 0.2226 2.3529999999999998
7.1819999999999995 10.086 7.926 2.963 -0.7329999999999999 2.956 0.24719999999999998 0.41279999999999994 2.431
7.145999999999999 10.074 7.890000000000001 2.8229999999999995 -0.502 2.9349999999999996 0.23099999999999998 0.4086 2.242
9.948 7.1579999999999995 7.9079999999999995 -0.45300000000000007 3.1449999999999996 3.1519999999999997 0.405 0.2748 1.948
9.9 7.188000000000001 7.943999999999999 -0.6349999999999998 2.8649999999999993 3.026 0.40140000000000003 0.2784 2.536
7.188000000000001 10.224 7.943999999999999 2.9209999999999994 -0.4670000000000001 3.117 0.282 0.36119999999999997 1.93
7.152000000000001 9.815999999999999 7.914000000000001 3.166 -0.5510000000000002 2.7110000000000003 0.24659999999999999 0.402 2.68
7.8839999999999995 10.074 7.212000000000001 3.124 -0.25 2.6480000000000006 0.32880000000000004 0.3942 2.0140000000000002
7.1579999999999995 10.104 7.902000000000001 3.222 -0.5370000000000001 2.9979999999999998 0.2532 0.42 2.0709999999999997
7.200000000000001 9.984 7.92 2.599 -0.43900000000000006 3.068 0.2622 0.3996 2.125
7.9319999999999995 9.96 7.242 3.068 -0.6349999999999998 2.6900000000000004 0.351 0.3894 2.374
9.804 7.224 7.902000000000001 -0.41100000000000003 2.8789999999999996 3.068 0.40740000000000004 0.2358 1.291
7.938000000000001 9.978 7.193999999999999 2.844 -0.3480000000000001 2.7600000000000007 0.33959999999999996 0.41819999999999996 2.44
7.9079999999999995 9.9 7.188000000000001 2.8649999999999993 -0.25 2.9349999999999996 0.3606 0.3906 2.7489999999999997
7.1579999999999995 10.038 7.895999999999999 3.173 -0.8099999999999998 2.8789999999999996 0.23399999999999999 0.4446 2.284
7.224 9.894 7.938000000000001 2.431 -0.558 3.1029999999999998 0.2586 0.4116 2.221
7.164000000000001 9.978 7.950000000000001 3.012 -0.7609999999999999 2.9419999999999997 0.2268 0.4122 1.795
7.188000000000001 9.672 7.9559999999999995 2.9349999999999996 -0.6840000000000002 3.173 0.2616 0.4068 2.3289999999999997
7.164000000000001 10.074 7.92 3.1449999999999996 -0.6140000000000001 2.963 0.22019999999999998 0.46499999999999997 3.0789999999999997
7.188000000000001 9.99 7.890000000000001 3.11 -0.6140000000000001 3.0469999999999997 0.20400000000000001 0.396 3.205
7.176 9.852 7.943999999999999 2.9769999999999994 -0.6069999999999998 3.5300000000000002 0.2814 0.4098 1.8639999999999999
7.164000000000001 10.056 7.9079999999999995 3.117 -0.544 3.327 0.2316 0.4584 2.7159999999999997
7.926 10.266 7.17 2.907 -0.6629999999999998 2.8020000000000005 0.3732 0.41639999999999994 2.782
7.938000000000001 9.96 7.212000000000001 2.9839999999999995 -0.383 2.9419999999999997 0.3264 0.40740000000000004 1.849
7.950000000000001 9.96 7.193999999999999 3.019 -0.5789999999999997 2.7110000000000003 0.3246 0.3942 3.16
9.876000000000001 7.152000000000001 7.943999999999999 -0.502 2.9209999999999994 2.9419999999999997 0.4392 0.24539999999999998 2.434
9.888 7.200000000000001 7.890000000000001 -0.5510000000000002 3.026 2.781 0.42 0.28259999999999996 1.774
7.200000000000001 10.032 7.895999999999999 2.8789999999999996 -0.474 3.117 0.276 0.3918 2.311
7.926 10.020000000000001 7.242 3.0399999999999996 -0.53 2.9209999999999994 0.324 0.4386 1.675
7.236000000000001 10.014 7.902000000000001 2.949 -0.44599999999999995 2.6830000000000003 0.2742 0.4068 1.705
7.212000000000001 10.044 7.9319999999999995 2.725 -0.44599999999999995 3.054 0.282 0.40740000000000004 2.794
10.08 7.1819999999999995 7.9319999999999995 -0.6769999999999998 3.138 3.068 0.3912 0.273 2.215
7.2059999999999995 9.96 7.943999999999999 3.005 -0.6560000000000001 3.0399999999999996 0.29159999999999997 0.40440000000000004 2.083
7.1819999999999995 10.181999999999999 7.902000000000001 2.501 -0.5860000000000001 3.1449999999999996 0.2808 0.4008 1.699
7.895999999999999 9.984 7.1819999999999995 3.0889999999999995 -0.6069999999999998 2.5220000000000002 0.31980000000000003 0.447 1.8130000000000002
7.188000000000001 10.218 7.943999999999999 2.599 -0.516 3.18 0.29519999999999996 0.3882 1.798
7.1579999999999995 10.038 7.92 3.341 -0.5370000000000001 2.907 0.2196 0.44939999999999997 2.128
10.038 7.1819999999999995 7.872 -0.7049999999999998 2.8719999999999994 3.1029999999999998 0.42839999999999995 0.2652 2.266
7.212000000000001 10.038 7.926 2.8299999999999996 -0.6280000000000001 2.851 0.2244 0.44039999999999996 1.921
9.864 7.2059999999999995 7.926 -0.5860000000000001 3.0399999999999996 3.264 0.45599999999999996 0.2652 2.227
7.890000000000001 9.966000000000001 7.2059999999999995 3.159 -0.6069999999999998 2.7880000000000003 0.303 0.42479999999999996 2.3680000000000003
9.996 7.200000000000001 7.9319999999999995 -0.6069999999999998 2.8579999999999997 3.1449999999999996 0.4452 0.2322 2.143
7.1819999999999995 10.008 7.878 2.956 -0.7680000000000002 2.8719999999999994 0.216 0.41579999999999995 2.473
7.9319999999999995 10.32 7.212000000000001 3.068 -0.6280000000000001 2.4730000000000003 0.33480000000000004 0.3978 2.218
7.1819999999999995 10.044 7.914000000000001 3.1029999999999998 -0.7329999999999999 2.963 0.24719999999999998 0.3912 2.644
7.926 9.876000000000001 7.200000000000001 2.774 -0.5929999999999997 2.7950000000000004 0.3126 0.41339999999999993 2.107
7.164000000000001 9.984 7.902000000000001 3.166 -0.558 3.1310000000000002 0.24539999999999998 0.40140000000000003 2.254
7.176 10.11 7.914000000000001 2.8719999999999994 -0.544 3.285 0.2646 0.3564 2.791
7.8660000000000005 9.84 7.188000000000001 3.082 -0.369 2.6550000000000002 0.2808 0.4002 2.479
9.96 7.152000000000001 7.9319999999999995 -0.516 2.9699999999999998 2.9349999999999996 0.4296 0.2376 1.915
7.200000000000001 9.996 7.914000000000001 2.7600000000000007 -0.44599999999999995 3.11 0.24539999999999998 0.432 2.98
7.92 10.194 7.218 3.2990000000000004 -0.516 3.0889999999999995 0.3264 0.435 2.2329999999999997
7.943999999999999 9.870000000000001 7.236000000000001 3.11 -0.544 3.0469999999999997 0.34079999999999994 0.41639999999999994 1.603
10.05 7.164000000000001 7.92 -0.5860000000000001 2.7110000000000003 2.8020000000000005 0.4122 0.2394 2.524
7.9319999999999995 10.098 7.212000000000001 3.229 -0.5370000000000001 2.6970000000000005 0.3774 0.3762 2.461
7.914000000000001 9.906 7.2059999999999995 3.0959999999999996 -0.5090000000000001 2.732 0.2874 0.42179999999999995 2.857
9.924 7.176 7.902000000000001 -0.6560000000000001 2.8299999999999996 3.0469999999999997 0.41939999999999994 0.24599999999999997 3.31
7.212000000000001 10.038 7.926 2.9 -0.3899999999999999 3.173 0.3006 0.40140000000000003 2.2329999999999997
7.236000000000001 9.81 7.914000000000001 2.9839999999999995 -0.6700000000000002 3.026 0.2394 0.4656 2.3529999999999998
7.1819999999999995 10.254 7.926 2.7040000000000006 -0.53 3.005 0.2586 0.414 2.551
9.911999999999999 7.17 7.92 -0.6280000000000001 2.6970000000000005 3.159 0.41040000000000004 0.2208 2.596
7.212000000000001 9.882 7.938000000000001 3.0469999999999997 -0.7120000000000002 3.229 0.2736 0.41879999999999995 1.8010000000000002
7.176 9.911999999999999 7.92 2.949 -0.5370000000000001 3.1449999999999996 0.20819999999999997 0.42479999999999996 2.227
7.902000000000001 10.038 7.212000000000001 3.11 -0.5720000000000001 2.501 0.3138 0.4296 2.137
7.212000000000001 9.882 7.9079999999999995 3.082 -0.6909999999999998 3.5090000000000003 0.2388 0.4446 2.3200000000000003
7.950000000000001 9.870000000000001 7.218 3.1449999999999996 -0.6489999999999998 2.9839999999999995 0.3048 0.396 1.942
7.938000000000001 9.846 7.1579999999999995 3.278 -0.6209999999999998 2.6830000000000003 0.35279999999999995 0.41279999999999994 1.978
7.9319999999999995 9.948 7.2540000000000004 3.166 -0.44599999999999995 2.8859999999999997 0.2946 0.43379999999999996 1.816
9.9 7.1579999999999995 7.950000000000001 -0.5510000000000002 2.9979999999999998 2.8579999999999997 0.4098 0.2754 2.404
7.188000000000001 9.954 7.914000000000001 2.7110000000000003 -0.53 3.0329999999999995 0.2718 0.41100000000000003 1.786
7.9319999999999995 9.996 7.1819999999999995 3.1310000000000002 -0.4950000000000001 2.55 0.3216 0.3828 2.002
7.200000000000001 10.158 7.914000000000001 3.005 -0.43199999999999994 3.138 0.2352 0.399 2.884
7.164000000000001 10.008 7.859999999999999 3.005 -0.4950000000000001 2.7530000000000006 0.2526 0.3828 1.945
10.020000000000001 7.200000000000001 7.914000000000001 -0.4670000000000001 2.9139999999999997 3.054 0.4452 0.2616 2.401
7.926 9.93 7.176 2.907 -0.502 2.9279999999999995 0.3186 0.3978 2.3200000000000003
10.05 7.200000000000001 7.895999999999999 -0.5650000000000002 2.8719999999999994 2.7600000000000007 0.41279999999999994 0.2322 1.657
7.1579999999999995 9.996 7.9079999999999995 3.3689999999999998 -0.6629999999999998 2.9979999999999998 0.2328 0.3858 3.7030000000000003
7.176 9.99 7.92 3.18 -0.5860000000000001 2.893 0.2148 0.4206 3.193
7.193999999999999 9.93 7.895999999999999 3.2079999999999997 -0.7189999999999999 3.0469999999999997 0.2412 0.42719999999999997 2.7009999999999996
7.938000000000001 9.882 7.176 3.39 -0.6000000000000001 3.054 0.33 0.42539999999999994 2.254
7.212000000000001 10.044 7.926 2.956 -0.5370000000000001 3.222 0.264 0.4092 1.99
7.938000000000001 10.026 7.200000000000001 3.222 -0.5090000000000001 2.9979999999999998 0.37979999999999997 0.3816 1.774
7.890000000000001 10.158 7.2059999999999995 3.2009999999999996 -0.6000000000000001 2.732 0.3036 0.432 2.023
7.938000000000001 10.224 7.23 3.026 -0.6140000000000001 2.893 0.327 0.3912 1.7890000000000001
7.188000000000001 9.756 7.9319999999999995 2.9279999999999995 -0.6349999999999998 3.1449999999999996 0.3144 0.3762 2.269
7.193999999999999 9.936 7.890000000000001 3.138 -0.7540000000000002 3.0889999999999995 0.237 0.44939999999999997 2.539
9.966000000000001 7.1579999999999995 7.950000000000001 -0.6489999999999998 2.354 3.075 0.4068 0.24419999999999997 2.2960000000000003
7.902000000000001 10.277999999999999 7.2059999999999995 2.963 -0.7260000000000002 2.8859999999999997 0.3126 0.438 2.803
9.852 7.200000000000001 7.9319999999999995 -0.488 3.026 2.8649999999999993 0.384 0.25739999999999996 2.0140000000000002
7.212000000000001 9.924 7.92 2.7950000000000004 -0.44599999999999995 3.229 0.252 0.3684 2.527
7.17 10.086 7.9079999999999995 3.061 -0.3899999999999999 2.949 0.2118 0.4206 3.268
7.1819999999999995 10.020000000000001 7.9079999999999995 2.9139999999999997 -0.4950000000000001 3.012 0.28319999999999995 0.3918 1.993
10.014 7.1819999999999995 7.914000000000001 -0.5370000000000001 2.8229999999999995 2.893 0.429 0.2388 2.08
7.943999999999999 10.008 7.17 2.9349999999999996 -0.502 2.6970000000000005 0.35279999999999995 0.41819999999999996 1.957
7.193999999999999 10.008 7.847999999999999 3.215 -0.7260000000000002 2.9279999999999995 0.2712 0.3936 2.077
7.188000000000001 10.062000000000001 7.9559999999999995 2.5220000000000002 -0.4179999999999999 2.9979999999999998 0.2388 0.44339999999999996 2.1189999999999998
7.164000000000001 10.11 7.895999999999999 3.32 -0.42500000000000004 2.949 0.2304 0.474 2.08
7.914000000000001 9.876000000000001 7.1819999999999995 3.341 -0.5090000000000001 3.026 0.3276 0.4482 2.584
10.002 7.164000000000001 7.902000000000001 -0.5720000000000001 2.956 3.054 0.4506 0.2586 2.053
9.996 7.200000000000001 7.938000000000001 -0.7329999999999999 3.1519999999999997 2.9279999999999995 0.444 0.2412 1.6600000000000001
7.8839999999999995 9.984 7.145999999999999 3.2009999999999996 -0.558 2.8789999999999996 0.36719999999999997 0.3792 2.173
7.902000000000001 9.93 7.212000000000001 3.1519999999999997 -0.5929999999999997 2.781 0.3096 0.43679999999999997 1.849
7.914000000000001 9.96 7.1579999999999995 3.068 -0.5929999999999997 2.7040000000000006 0.33959999999999996 0.414 2.536
7.224 9.906 7.902000000000001 2.5220000000000002 -0.4179999999999999 3.327 0.28259999999999996 0.41100000000000003 2.443
7.212000000000001 9.876000000000001 7.92 3.075 -0.7329999999999999 3.138 0.24899999999999997 0.43079999999999996 2.083
7.1579999999999995 10.098 7.8839999999999995 3.068 -0.516 2.9699999999999998 0.2808 0.42119999999999996 2.539
7.2059999999999995 9.954 7.943999999999999 2.8719999999999994 -0.6840000000000002 2.8859999999999997 0.22139999999999999 0.441 2.788
9.894 7.1819999999999995 7.9319999999999995 -0.6000000000000001 2.844 3.25 0.43439999999999995 0.2166 1.978
7.152000000000001 9.834 7.9079999999999995 3.068 -0.6140000000000001 3.124 0.198 0.41759999999999997 2.059
7.23 10.11 7.962000000000001 2.7390000000000003 -0.383 3.026 0.3048 0.3762 3.301
7.193999999999999 10.206 7.9319999999999995 2.8159999999999994 -0.21500000000000008 3.264 0.2802 0.4092 1.867
9.966000000000001 7.2059999999999995 7.902000000000001 -0.516 2.8020000000000005 2.9419999999999997 0.4068 0.2814 3.0999999999999996
10.14 7.218 7.902000000000001 -0.5230000000000001 3.306 3.285 0.399 0.2268 2.032
7.224 10.038 7.962000000000001 2.571 -0.4950000000000001 2.956 0.2958 0.3972 1.576
7.193999999999999 9.948 7.890000000000001 2.781 -0.383 2.669 0.24419999999999997 0.40140000000000003 2.395
7.1339999999999995 9.858 7.8839999999999995 2.7460000000000004 -0.6629999999999998 3.019 0.201 0.4512 2.791
7.236000000000001 9.804 7.926 2.8020000000000005 -0.5230000000000001 3.0959999999999996 0.3108 0.3216 2.521
7.1819999999999995 9.924 7.9079999999999995 2.7530000000000006 -0.45300000000000007 2.8369999999999997 0.2424 0.4332 1.822
7.193999999999999 10.074 7.902000000000001 2.7670000000000003 -0.488 3.32 0.258 0.3912 3.07
7.188000000000001 10.014 7.943999999999999 3.075 -0.6000000000000001 3.138 0.25379999999999997 0.41759999999999997 2.077
7.200000000000001 9.96 7.943999999999999 3.075 -0.5860000000000001 3.215 0.2688 0.375 2.0140000000000002
7.26 9.942 7.914000000000001 2.564 -0.5090000000000001 3.0889999999999995 0.2934 0.375 1.714
7.962000000000001 10.2 7.145999999999999 2.781 -0.43199999999999994 2.606 0.34559999999999996 0.396 2.449
7.145999999999999 10.014 7.8660000000000005 3.194 -0.5650000000000002 3.012 0.2274 0.41639999999999994 2.887
9.954 7.2059999999999995 7.9079999999999995 -0.3480000000000001 2.9419999999999997 2.893 0.42539999999999994 0.255 2.0709999999999997
7.2059999999999995 10.26 7.914000000000001 2.9699999999999998 -0.53 2.9139999999999997 0.25439999999999996 0.4008 2.437
7.200000000000001 10.092 7.902000000000001 2.6970000000000005 -0.4950000000000001 2.9419999999999997 0.2298 0.3888 2.539
7.950000000000001 10.026 7.200000000000001 2.781 -0.6280000000000001 3.11 0.321 0.4122 2.299
7.902000000000001 10.086 7.212000000000001 3.222 -0.5370000000000001 2.403 0.3162 0.3846 2.482
7.9079999999999995 10.098 7.218 3.054 -0.44599999999999995 2.9279999999999995 0.3054 0.4032 2.266
7.938000000000001 9.972000000000001 7.193999999999999 2.9419999999999997 -0.516 2.8090000000000006 0.3312 0.43379999999999996 2.6919999999999997
9.582 7.200000000000001 7.872 -0.53 2.8299999999999996 2.7950000000000004 0.4392 0.2598 1.912
9.972000000000001 7.193999999999999 7.895999999999999 -0.3480000000000001 2.7460000000000004 2.7600000000000007 0.4032 0.2616 2.143
7.9319999999999995 9.888 7.200000000000001 2.9909999999999997 -0.45300000000000007 2.9979999999999998 0.33180000000000004 0.41939999999999994 2.062
10.068000000000001 7.17 7.914000000000001 -0.4950000000000001 2.963 3.0889999999999995 0.41819999999999996 0.2376 2.707
7.188000000000001 10.068000000000001 7.9079999999999995 3.1519999999999997 -0.6000000000000001 3.068 0.22619999999999998 0.4506 3.031
