7.242 7.926 9.852 3.0329999999999995 3.173 -0.6140000000000001 0.2496 0.3054 2.0140000000000002
10.133999999999999 7.926 7.17 -0.369 2.9139999999999997 3.11 0.402 0.34979999999999994 2.3440000000000003
10.254 7.9079999999999995 7.200000000000001 -0.5789999999999997 3.117 2.7880000000000003 0.432 0.33779999999999993 1.951
9.815999999999999 7.938000000000001 7.200000000000001 -0.516 2.9699999999999998 2.844 0.4122 0.33959999999999996 2.44
10.068000000000001 7.9079999999999995 7.212000000000001 -0.5720000000000001 2.9699999999999998 2.8579999999999997 0.3696 0.3312 2.101
10.116000000000001 7.9079999999999995 7.1819999999999995 -0.3550000000000002 2.8719999999999994 2.8229999999999995 0.41639999999999994 0.3054 1.708
9.918 7.9079999999999995 7.17 -0.5720000000000001 2.9209999999999994 2.725 0.4092 0.2988 2.827
10.122 7.895999999999999 7.193999999999999 -0.5230000000000001 2.9909999999999997 3.054 0.378 0.37079999999999996 2.95
7.212000000000001 7.8839999999999995 10.092 2.4730000000000003 2.8859999999999997 -0.7049999999999998 0.2148 0.33 1.984
7.212000000000001 7.92 9.815999999999999 2.662 3.082 -0.5510000000000002 0.2718 0.3144 2.68
7.242 7.9079999999999995 9.870000000000001 2.844 3.082 -0.5510000000000002 0.2328 0.3864 1.891
10.044 7.9319999999999995 7.164000000000001 -0.6140000000000001 3.1029999999999998 2.7530000000000006 0.41879999999999995 0.2928 1.783
7.176 7.914000000000001 10.020000000000001 2.8859999999999997 2.9909999999999997 -0.5929999999999997 0.252 0.29519999999999996 2.254
10.062000000000001 7.914000000000001 7.17 -0.5860000000000001 3.075 2.8789999999999996 0.43139999999999995 0.34019999999999995 3.169
7.2059999999999995 7.9319999999999995 9.996 2.7670000000000003 3.11 -0.502 0.2904 0.33180000000000004 1.945
10.026 7.926 7.164000000000001 -0.45999999999999996 2.949 2.6340000000000003 0.4092 0.3312 2.779
9.9 7.914000000000001 7.176 -0.7189999999999999 3.278 2.6270000000000002 0.405 0.294 2.104
9.984 7.926 7.188000000000001 -0.4039999999999999 3.2009999999999996 3.012 0.3888 0.3756 1.969
9.996 7.950000000000001 7.176 -0.5650000000000002 2.732 2.774 0.4386 0.3138 2.2329999999999997
10.020000000000001 7.92 7.212000000000001 -0.3619999999999999 2.7880000000000003 2.844 0.429 0.336 2.4459999999999997
9.852 7.9079999999999995 7.218 -0.45999999999999996 3.1870000000000003 2.6340000000000003 0.429 0.30119999999999997 1.6
7.193999999999999 7.847999999999999 9.96 2.8719999999999994 2.963 -0.7260000000000002 0.24719999999999998 0.345 2.5300000000000002
10.152 7.890000000000001 7.1579999999999995 -0.474 3.0959999999999996 3.054 0.3978 0.3252 2.122
9.99 7.902000000000001 7.188000000000001 -0.3550000000000002 2.949 2.851 0.42779999999999996 0.28919999999999996 1.876
7.218 7.895999999999999 9.822 2.9 3.1449999999999996 -0.6489999999999998 0.264 0.3174 2.434
7.242 7.938000000000001 9.972000000000001 2.6830000000000003 3.1029999999999998 -0.6140000000000001 0.2646 0.3096 1.933
10.229999999999999 7.926 7.200000000000001 -0.516 2.963 2.963 0.40740000000000004 0.34379999999999994 2.263
10.014 7.943999999999999 7.23 -0.6980000000000002 3.285 2.564 0.3906 0.3282 2.527
7.218 7.9079999999999995 9.96 2.4730000000000003 2.9699999999999998 -0.6000000000000001 0.25079999999999997 0.3654 1.84
9.996 7.92 7.218 -0.7049999999999998 2.9279999999999995 2.9839999999999995 0.3972 0.33899999999999997 2.464
7.145999999999999 7.914000000000001 10.014 2.8020000000000005 2.9419999999999997 -0.474 0.2766 0.3372 2.518
10.128 7.926 7.17 -0.43199999999999994 3.1310000000000002 2.9979999999999998 0.41819999999999996 0.33540000000000003 2.0170000000000003
7.176 7.914000000000001 10.020000000000001 2.8229999999999995 3.3129999999999997 -0.34099999999999997 0.2652 0.3174 2.665
7.236000000000001 7.926 10.086 2.8369999999999997 3.166 -0.4670000000000001 0.2706 0.2688 2.4699999999999998
7.23 7.938000000000001 10.116000000000001 2.9349999999999996 3.376 -0.5090000000000001 0.24779999999999996 0.3564 1.969
10.008 7.902000000000001 7.218 -0.7260000000000002 2.732 2.718 0.396 0.2898 1.663
10.218 7.8660000000000005 7.218 -0.5090000000000001 2.8369999999999997 3.0959999999999996 0.39840000000000003 0.3972 2.737
7.200000000000001 7.895999999999999 10.008 2.956 2.907 -0.6209999999999998 0.24779999999999996 0.34079999999999994 1.786
7.2540000000000004 7.938000000000001 10.032 2.718 3.11 -0.3759999999999999 0.2694 0.2994 2.68
7.212000000000001 7.9079999999999995 9.936 2.8579999999999997 3.222 -0.6140000000000001 0.2676 0.3222 1.906
7.200000000000001 7.938000000000001 9.996 2.5360000000000005 3.215 -0.45999999999999996 0.273 0.3246 2.509
7.23 7.9319999999999995 10.386000000000001 2.6340000000000003 3.2079999999999997 -0.3619999999999999 0.2778 0.30419999999999997 2.41
10.152 7.872 7.17 -0.3340000000000001 3.138 2.6830000000000003 0.43019999999999997 0.297 2.863
7.17 7.890000000000001 10.044 2.487 2.8369999999999997 -0.6349999999999998 0.2682 0.3126 1.7530000000000001
10.068000000000001 7.872 7.236000000000001 -0.6629999999999998 3.222 2.501 0.432 0.3126 2.785
10.187999999999999 7.950000000000001 7.193999999999999 -0.45300000000000007 3.32 2.9349999999999996 0.438 0.306 3.487
10.044 7.895999999999999 7.1819999999999995 -0.53 3.061 3.054 0.42479999999999996 0.303 2.125
10.008 7.926 7.193999999999999 -0.383 3.075 3.026 0.393 0.3156 2.788
7.17 7.926 9.948 2.669 2.781 -0.8169999999999998 0.2388 0.3312 2.6710000000000003
7.23 7.895999999999999 10.08 2.732 2.8229999999999995 -0.53 0.273 0.3132 2.518
9.954 7.878 7.236000000000001 -0.5090000000000001 2.949 2.669 0.41279999999999994 0.34559999999999996 2.7399999999999998
10.002 7.926 7.200000000000001 -0.4950000000000001 2.9 2.8299999999999996 0.4206 0.3186 2.362
7.1160000000000005 7.8839999999999995 10.056 2.718 3.061 -0.45300000000000007 0.2568 0.3474 2.4459999999999997
7.140000000000001 7.890000000000001 9.954 3.082 3.6350000000000007 -0.43199999999999994 0.261 0.3174 2.551
10.038 7.895999999999999 7.193999999999999 -0.45300000000000007 3.3689999999999998 2.6970000000000005 0.4008 0.35819999999999996 2.2569999999999997
9.978 7.9079999999999995 7.152000000000001 -0.43900000000000006 2.851 2.8859999999999997 0.3888 0.3846 2.062
10.181999999999999 7.895999999999999 7.200000000000001 -0.6909999999999998 3.2009999999999996 2.9769999999999994 0.396 0.3108 2.755
7.1819999999999995 7.943999999999999 9.744 2.907 3.2009999999999996 -0.5789999999999997 0.2436 0.3108 2.2
7.164000000000001 7.950000000000001 9.911999999999999 2.564 3.0889999999999995 -0.474 0.2694 0.3264 2.362
7.212000000000001 7.943999999999999 9.942 2.6900000000000004 3.418 -0.45999999999999996 0.2562 0.3474 2.239
9.99 7.9079999999999995 7.188000000000001 -0.5510000000000002 2.9 2.613 0.4092 0.3024 2.92
10.014 7.943999999999999 7.1819999999999995 -0.44599999999999995 2.9349999999999996 2.9699999999999998 0.3906 0.33779999999999993 2.011
10.248 7.902000000000001 7.218 -0.383 3.124 3.236 0.41339999999999993 0.312 2.524
7.23 7.914000000000001 9.852 3.0399999999999996 3.054 -0.6000000000000001 0.2586 0.3048 2.995
9.858 7.938000000000001 7.193999999999999 -0.43900000000000006 3.215 2.8369999999999997 0.414 0.35279999999999995 2.656
10.008 7.914000000000001 7.17 -0.6069999999999998 3.061 2.606 0.41759999999999997 0.30119999999999997 1.783
7.1819999999999995 7.938000000000001 10.062000000000001 2.7110000000000003 3.327 -0.7049999999999998 0.25739999999999996 0.3054 2.746
7.188000000000001 7.9079999999999995 10.092 2.851 2.9209999999999994 -0.45999999999999996 0.2838 0.32280000000000003 1.8459999999999999
7.23 7.8839999999999995 10.056 2.6410000000000005 3.3129999999999997 -0.5090000000000001 0.24599999999999997 0.33240000000000003 2.653
9.948 7.914000000000001 7.1819999999999995 -0.7960000000000003 3.2569999999999997 2.8649999999999993 0.3876 0.32880000000000004 2.221
9.99 7.9319999999999995 7.176 -0.6560000000000001 2.956 2.907 0.3966 0.354 2.086
7.212000000000001 7.902000000000001 9.864 2.963 3.166 -0.5860000000000001 0.23399999999999999 0.32880000000000004 1.714
7.224 7.914000000000001 9.858 2.7950000000000004 2.725 -0.4039999999999999 0.243 0.324 1.936
10.122 7.938000000000001 7.23 -0.3899999999999999 3.1310000000000002 2.8299999999999996 0.4038 0.37079999999999996 1.798
7.218 7.926 10.044 2.361 3.0889999999999995 -0.5929999999999997 0.2964 0.3066 2.269
10.008 7.9319999999999995 7.188000000000001 -0.502 3.0469999999999997 2.9279999999999995 0.399 0.3654 2.3920000000000003
7.188000000000001 7.926 9.9 2.851 3.11 -0.4670000000000001 0.2964 0.3222 2.464
9.948 7.9079999999999995 7.17 -0.43199999999999994 3.0399999999999996 2.9979999999999998 0.402 0.37979999999999997 2.7969999999999997
10.086 7.914000000000001 7.236000000000001 -0.4039999999999999 3.271 2.774 0.372 0.33779999999999993 2.806
10.146 7.914000000000001 7.2059999999999995 -0.4950000000000001 2.8859999999999997 2.6830000000000003 0.42479999999999996 0.3114 2.089
7.200000000000001 7.9079999999999995 10.236 2.3120000000000003 3.0889999999999995 -0.53 0.25739999999999996 0.336 1.756
9.918 7.92 7.145999999999999 -0.6629999999999998 3.1449999999999996 2.9909999999999997 0.42419999999999997 0.3222 2.452
9.924 7.890000000000001 7.1819999999999995 -0.45999999999999996 3.2569999999999997 2.662 0.414 0.34559999999999996 3.4210000000000003
10.05 7.872 7.1819999999999995 -0.544 2.851 3.026 0.3996 0.3204 2.9290000000000003
7.1819999999999995 7.926 9.876000000000001 2.8789999999999996 2.9979999999999998 -0.7049999999999998 0.2496 0.35219999999999996 3.3970000000000002
10.092 7.890000000000001 7.164000000000001 -0.4950000000000001 3.25 2.9 0.43979999999999997 0.3264 2.545
7.176 7.895999999999999 9.954 2.7880000000000003 2.8649999999999993 -0.502 0.2598 0.3246 2.437
7.188000000000001 7.914000000000001 9.906 2.6550000000000002 3.2079999999999997 -0.6420000000000001 0.26039999999999996 0.33959999999999996 2.824
7.212000000000001 7.9079999999999995 10.026 2.8649999999999993 2.8859999999999997 -0.7960000000000003 0.2754 0.3096 1.483
7.2059999999999995 7.914000000000001 10.068000000000001 2.6900000000000004 2.6970000000000005 -0.6069999999999998 0.25439999999999996 0.321 2.374
9.972000000000001 7.9079999999999995 7.200000000000001 -0.6629999999999998 3.1519999999999997 2.7110000000000003 0.4422 0.34019999999999995 2.218
7.242 7.914000000000001 9.942 2.9279999999999995 3.0889999999999995 -0.53 0.2742 0.3564 2.536
7.2540000000000004 7.9319999999999995 9.954 2.5850000000000004 2.8789999999999996 -0.6069999999999998 0.25739999999999996 0.34079999999999994 1.828
7.17 7.92 9.972000000000001 2.8159999999999994 3.1449999999999996 -0.41100000000000003 0.2988 0.29219999999999996 1.804
10.133999999999999 7.926 7.224 -0.488 3.271 2.6480000000000006 0.438 0.3276 2.509
7.188000000000001 7.938000000000001 10.086 2.851 3.334 -0.6140000000000001 0.2694 0.3252 2.653
7.152000000000001 7.943999999999999 9.870000000000001 2.6900000000000004 3.32 -0.42500000000000004 0.24180000000000001 0.29819999999999997 2.314
10.212 7.9319999999999995 7.17 -0.32000000000000006 2.9769999999999994 2.7600000000000007 0.41100000000000003 0.3084 2.581
7.193999999999999 7.890000000000001 10.008 2.9699999999999998 3.0329999999999995 -0.5090000000000001 0.2412 0.2946 1.8459999999999999
7.200000000000001 7.914000000000001 9.756 2.949 3.2990000000000004 -0.43900000000000006 0.2406 0.3186 2.053
7.188000000000001 7.902000000000001 10.062000000000001 2.7460000000000004 2.7670000000000003 -0.44599999999999995 0.2874 0.3084 2.83
7.17 7.92 10.026 2.718 3.1870000000000003 -0.5090000000000001 0.2568 0.327 1.81
7.164000000000001 7.9079999999999995 10.104 2.5850000000000004 3.222 -0.558 0.2754 0.327 2.794
10.026 7.950000000000001 7.176 -0.4950000000000001 3.005 2.7390000000000003 0.41939999999999994 0.34079999999999994 2.1790000000000003
10.020000000000001 7.895999999999999 7.2059999999999995 -0.5230000000000001 2.9979999999999998 2.6270000000000002 0.40800000000000003 0.3312 2.944
10.008 7.902000000000001 7.2059999999999995 -0.45300000000000007 3.264 3.11 0.41819999999999996 0.3108 2.563
7.193999999999999 7.902000000000001 9.984 3.236 2.732 -0.502 0.2676 0.3162 2.851
10.002 7.914000000000001 7.176 -0.558 3.264 3.019 0.399 0.30119999999999997 2.497
10.068000000000001 7.914000000000001 7.23 -0.502 2.7670000000000003 2.6270000000000002 0.41279999999999994 0.35219999999999996 2.011
7.2540000000000004 7.926 10.056 2.599 3.1519999999999997 -0.383 0.2646 0.3144 2.206
9.984 7.890000000000001 7.236000000000001 -0.53 3.054 3.0959999999999996 0.43439999999999995 0.3078 2.4459999999999997
10.122 7.902000000000001 7.176 -0.6280000000000001 2.9209999999999994 2.949 0.41040000000000004 0.30119999999999997 1.894
7.23 7.878 9.906 2.606 3.117 -0.7189999999999999 0.24899999999999997 0.2814 3.706
7.1579999999999995 7.92 10.044 2.5360000000000005 3.054 -0.5789999999999997 0.2778 0.3072 2.557
7.200000000000001 7.92 9.978 2.7390000000000003 2.8789999999999996 -0.45300000000000007 0.2244 0.3576 1.462
7.2059999999999995 7.9079999999999995 10.074 3.159 3.222 -0.6140000000000001 0.25079999999999997 0.34859999999999997 1.63
10.128 7.890000000000001 7.193999999999999 -0.6769999999999998 2.851 2.9419999999999997 0.4266 0.3132 2.371
7.176 7.872 9.882 2.5850000000000004 2.9279999999999995 -0.6560000000000001 0.25439999999999996 0.4038 2.206
7.1579999999999995 7.950000000000001 9.984 2.8159999999999994 3.0329999999999995 -0.34099999999999997 0.2556 0.28319999999999995 1.819
7.188000000000001 7.9319999999999995 10.020000000000001 3.0889999999999995 3.425 -0.6209999999999998 0.258 0.3342 2.2030000000000003
7.2059999999999995 7.902000000000001 10.074 2.8299999999999996 2.9419999999999997 -0.502 0.2412 0.297 2.6470000000000002
7.17 7.92 9.996 2.8649999999999993 3.0399999999999996 -0.6140000000000001 0.2628 0.336 2.3529999999999998
7.176 7.938000000000001 9.828 2.949 3.327 -0.474 0.2346 0.32580000000000003 2.176
7.212000000000001 7.92 9.822 2.62 3.159 -0.488 0.26639999999999997 0.297 2.44
10.032 7.8660000000000005 7.200000000000001 -0.544 3.0959999999999996 2.7040000000000006 0.43739999999999996 0.29219999999999996 2.452
7.193999999999999 7.914000000000001 10.032 2.662 2.893 -0.474 0.2646 0.3132 1.945
10.133999999999999 7.9319999999999995 7.17 -0.43900000000000006 3.005 2.6900000000000004 0.4098 0.3384 2.6710000000000003
7.188000000000001 7.914000000000001 10.038 2.907 3.334 -0.5860000000000001 0.267 0.35219999999999996 1.999
7.164000000000001 7.890000000000001 10.008 2.8299999999999996 3.019 -0.53 0.24839999999999998 0.3126 2.3440000000000003
10.008 7.914000000000001 7.23 -0.4179999999999999 3.166 3.32 0.44639999999999996 0.312 2.263
7.23 7.926 10.062000000000001 2.6970000000000005 3.005 -0.3340000000000001 0.24779999999999996 0.37079999999999996 1.666
10.152 7.938000000000001 7.212000000000001 -0.3480000000000001 3.075 2.7950000000000004 0.4086 0.2778 1.681
7.218 7.950000000000001 9.942 2.963 2.8649999999999993 -0.5230000000000001 0.258 0.3276 2.299
7.1819999999999995 7.895999999999999 10.133999999999999 3.012 3.082 -0.45999999999999996 0.28619999999999995 0.3054 2.293
7.17 7.8839999999999995 10.104 2.8369999999999997 3.068 -0.6349999999999998 0.2874 0.29819999999999997 3.685
9.911999999999999 7.890000000000001 7.188000000000001 -0.6560000000000001 2.774 3.0959999999999996 0.4086 0.28559999999999997 1.894
10.092 7.926 7.200000000000001 -0.7400000000000002 3.026 2.8859999999999997 0.3972 0.321 1.912
9.954 7.895999999999999 7.193999999999999 -0.6140000000000001 2.9 2.6340000000000003 0.414 0.369 2.614
7.140000000000001 7.914000000000001 10.11 2.732 2.8159999999999994 -0.45999999999999996 0.3096 0.318 2.062
7.17 7.9079999999999995 9.911999999999999 2.8719999999999994 3.2009999999999996 -0.3619999999999999 0.2814 0.333 2.5780000000000003
10.181999999999999 7.9079999999999995 7.176 -0.43900000000000006 2.963 2.9419999999999997 0.4032 0.354 1.8370000000000002
7.200000000000001 7.902000000000001 10.152 2.8649999999999993 3.1870000000000003 -0.5720000000000001 0.2706 0.3102 1.7890000000000001
7.17 7.914000000000001 9.882 2.8229999999999995 3.285 -0.6069999999999998 0.2334 0.33180000000000004 2.6740000000000004
7.193999999999999 7.950000000000001 9.762 2.9699999999999998 3.495 -0.4950000000000001 0.252 0.29819999999999997 2.761
10.08 7.9319999999999995 7.218 -0.5650000000000002 3.2569999999999997 3.1449999999999996 0.426 0.3174 2.317
7.200000000000001 7.962000000000001 10.11 2.7670000000000003 3.166 -0.397 0.2736 0.3132 2.926
7.23 7.926 9.966000000000001 2.725 3.2569999999999997 -0.6209999999999998 0.26339999999999997 0.34859999999999997 1.7349999999999999
7.176 7.9319999999999995 9.948 3.012 3.215 -0.6629999999999998 0.27 0.3114 2.359
7.200000000000001 7.890000000000001 10.086 2.9209999999999994 2.8229999999999995 -0.5370000000000001 0.2376 0.34079999999999994 2.308
9.936 7.914000000000001 7.224 -0.31299999999999994 2.9769999999999994 2.774 0.414 0.285 3.4899999999999998
7.224 7.890000000000001 10.104 2.676 3.25 -0.6840000000000002 0.26639999999999997 0.324 3.169
10.116000000000001 7.895999999999999 7.140000000000001 -0.6560000000000001 3.264 2.9 0.426 0.3114 2.491
7.176 7.938000000000001 10.038 2.9139999999999997 3.2430000000000003 -0.30600000000000005 0.2592 0.351 1.594
7.2059999999999995 7.914000000000001 9.81 2.8719999999999994 3.4530000000000003 -0.6000000000000001 0.24899999999999997 0.3192 1.654
7.224 7.950000000000001 9.924 2.6270000000000002 3.075 -0.4950000000000001 0.2976 0.3276 2.449
10.026 7.943999999999999 7.1819999999999995 -0.42500000000000004 3.2009999999999996 2.564 0.3936 0.34919999999999995 2.443
9.948 7.9319999999999995 7.212000000000001 -0.44599999999999995 3.138 2.774 0.4092 0.35279999999999995 2.251
7.218 7.926 9.996 2.8649999999999993 3.1310000000000002 -0.5789999999999997 0.24659999999999999 0.3828 2.764
9.996 7.9319999999999995 7.152000000000001 -0.30600000000000005 3.1310000000000002 2.732 0.4326 0.28919999999999996 2.107
7.200000000000001 7.9319999999999995 10.044 2.8229999999999995 3.3129999999999997 -0.5650000000000002 0.2268 0.336 2.053
10.17 7.895999999999999 7.2059999999999995 -0.21500000000000008 2.9839999999999995 2.9139999999999997 0.40440000000000004 0.35219999999999996 2.3440000000000003
7.218 7.9559999999999995 10.002 2.7110000000000003 3.383 -0.8379999999999999 0.2688 0.34379999999999994 2.638
7.1819999999999995 7.8839999999999995 10.008 2.8369999999999997 3.138 -0.6420000000000001 0.27 0.34079999999999994 3.514
7.1819999999999995 7.950000000000001 10.020000000000001 2.6830000000000003 2.9279999999999995 -0.488 0.24899999999999997 0.3294 2.464
7.152000000000001 7.914000000000001 9.96 3.005 3.2569999999999997 -0.6140000000000001 0.2718 0.33779999999999993 2.104
10.086 7.9079999999999995 7.1819999999999995 -0.7260000000000002 2.8789999999999996 2.6410000000000005 0.4326 0.3312 2.2960000000000003
7.242 7.9079999999999995 10.05 2.893 3.1310000000000002 -0.6489999999999998 0.261 0.3576 2.461
7.23 7.9319999999999995 10.056 3.0329999999999995 2.8789999999999996 -0.6280000000000001 0.2532 0.3372 1.7650000000000001
10.248 7.878 7.242 -0.5789999999999997 2.844 2.6900000000000004 0.423 0.3066 2.857
9.768 7.878 7.152000000000001 -0.5860000000000001 3.1029999999999998 3.026 0.41939999999999994 0.3204 1.879
7.193999999999999 7.92 10.014 2.8090000000000006 3.075 -0.516 0.267 0.291 2.086
9.894 7.895999999999999 7.164000000000001 -0.6140000000000001 2.893 2.949 0.3846 0.3414 2.26
7.17 7.9319999999999995 9.882 3.2430000000000003 3.005 -0.34099999999999997 0.237 0.3096 2.872
10.074 7.943999999999999 7.248000000000001 -0.558 3.117 2.5290000000000004 0.43079999999999996 0.30119999999999997 3.202
10.038 7.890000000000001 7.218 -0.43900000000000006 3.2009999999999996 3.194 0.4116 0.34019999999999995 1.759
7.26 7.890000000000001 9.852 3.082 2.949 -0.30600000000000005 0.2736 0.333 2.437
7.200000000000001 7.902000000000001 9.864 2.9279999999999995 3.306 -0.474 0.273 0.33540000000000003 2.413
10.056 7.890000000000001 7.188000000000001 -0.474 2.956 2.6270000000000002 0.40140000000000003 0.3696 2.182
7.193999999999999 7.895999999999999 9.911999999999999 2.7670000000000003 2.9279999999999995 -0.4670000000000001 0.28919999999999996 0.3294 1.828
7.1579999999999995 7.926 9.984 3.117 3.026 -0.502 0.2622 0.3282 3.016
10.158 7.890000000000001 7.212000000000001 -0.4039999999999999 3.264 2.8020000000000005 0.41339999999999993 0.32580000000000003 3.463
7.17 7.9319999999999995 9.882 3.054 2.949 -0.6000000000000001 0.2772 0.32580000000000003 1.7349999999999999
9.936 7.938000000000001 7.176 -0.4670000000000001 3.068 2.5220000000000002 0.39 0.34379999999999994 2.836
9.996 7.92 7.1339999999999995 -0.3480000000000001 3.1449999999999996 2.893 0.37079999999999996 0.354 2.5540000000000003
7.2059999999999995 7.9559999999999995 9.798 3.0959999999999996 3.5020000000000002 -0.7469999999999999 0.28259999999999996 0.285 2.779
10.026 7.890000000000001 7.188000000000001 -0.4950000000000001 2.956 2.7600000000000007 0.41339999999999993 0.3114 2.7489999999999997
7.17 7.926 9.888 2.8159999999999994 3.1310000000000002 -0.7540000000000002 0.29819999999999997 0.31980000000000003 1.6179999999999999
7.212000000000001 7.962000000000001 10.08 2.6410000000000005 2.907 -0.502 0.2526 0.35819999999999996 2.161
7.212000000000001 7.926 10.098 2.8789999999999996 3.4670000000000005 -0.5370000000000001 0.2328 0.32880000000000004 2.287
10.014 7.9079999999999995 7.1819999999999995 -0.4950000000000001 3.005 2.7670000000000003 0.3804 0.34559999999999996 1.954
9.966000000000001 7.895999999999999 7.193999999999999 -0.4670000000000001 3.1029999999999998 2.7600000000000007 0.4356 0.3204 1.78
9.948 7.914000000000001 7.17 -0.5650000000000002 2.606 3.1029999999999998 0.4236 0.3312 2.812
7.1819999999999995 7.914000000000001 9.942 2.8369999999999997 2.9419999999999997 -0.6000000000000001 0.2778 0.309 1.987
7.176 7.890000000000001 9.906 3.0329999999999995 2.9 -0.41100000000000003 0.2766 0.3144 1.99
10.164 7.92 7.2059999999999995 -0.5860000000000001 3.2009999999999996 3.25 0.402 0.34019999999999995 2.248
7.193999999999999 7.92 9.96 2.606 3.1449999999999996 -0.4039999999999999 0.2646 0.2946 2.914
10.098 7.926 7.1819999999999995 -0.3550000000000002 3.0329999999999995 2.844 0.4476 0.3072 2.491
7.188000000000001 7.926 10.116000000000001 2.956 3.012 -0.7540000000000002 0.2322 0.3312 2.077
7.212000000000001 7.962000000000001 9.978 2.893 3.2009999999999996 -0.397 0.2802 0.30119999999999997 3.1029999999999998
7.2059999999999995 7.8839999999999995 9.876000000000001 2.9419999999999997 3.0329999999999995 -0.5929999999999997 0.243 0.33540000000000003 2.545
7.1579999999999995 7.9319999999999995 10.044 2.7950000000000004 3.005 -0.6769999999999998 0.2778 0.336 2.878
7.140000000000001 7.92 9.936 2.8020000000000005 3.082 -0.6069999999999998 0.2322 0.3222 2.356
7.2059999999999995 7.92 9.96 2.8789999999999996 3.1519999999999997 -0.502 0.3078 0.3066 2.587
7.236000000000001 7.914000000000001 10.056 2.7950000000000004 3.2009999999999996 -0.5860000000000001 0.2694 0.3108 2.08
10.074 7.926 7.145999999999999 -0.4039999999999999 2.9419999999999997 2.718 0.42539999999999994 0.3384 2.398
7.193999999999999 7.895999999999999 10.152 2.9 3.1870000000000003 -0.7049999999999998 0.2298 0.309 2.6260000000000003
7.1819999999999995 7.92 10.314 2.4939999999999998 3.18 -0.4670000000000001 0.23399999999999999 0.3684 2.443
7.23 7.914000000000001 10.092 2.8159999999999994 3.306 -0.6489999999999998 0.29219999999999996 0.30419999999999997 2.95
10.032 7.9319999999999995 7.176 -0.45300000000000007 2.9909999999999997 3.11 0.3876 0.351 2.197
10.032 7.9079999999999995 7.218 -0.41100000000000003 2.949 2.851 0.363 0.3654 2.3890000000000002
7.188000000000001 7.9079999999999995 9.804 2.8020000000000005 3.005 -0.6000000000000001 0.267 0.3192 1.795
10.11 7.8839999999999995 7.224 -0.44599999999999995 3.0959999999999996 2.725 0.42119999999999996 0.34199999999999997 2.008
7.1819999999999995 7.968 9.972000000000001 2.6270000000000002 3.138 -0.7540000000000002 0.2436 0.3204 2.083
7.145999999999999 7.914000000000001 10.044 2.781 3.11 -0.5090000000000001 0.2706 0.33540000000000003 2.0469999999999997
9.96 7.92 7.17 -0.6629999999999998 3.075 2.6550000000000002 0.4386 0.3024 2.083
7.2059999999999995 7.8839999999999995 9.774000000000001 2.956 3.11 -0.27100000000000013 0.252 0.36119999999999997 2.95
7.236000000000001 7.914000000000001 10.086 2.8090000000000006 3.0959999999999996 -0.6000000000000001 0.28259999999999996 0.3174 2.326
7.2059999999999995 7.890000000000001 9.924 2.9139999999999997 3.11 -0.5650000000000002 0.2796 0.2796 2.302
9.966000000000001 7.926 7.176 -0.5789999999999997 3.2920000000000003 2.9419999999999997 0.42539999999999994 0.3306 2.191
7.188000000000001 7.950000000000001 10.020000000000001 2.956 3.054 -0.7960000000000003 0.312 0.3372 1.8130000000000002
7.242 7.914000000000001 9.906 2.8719999999999994 3.124 -0.41100000000000003 0.261 0.3078 1.579
7.200000000000001 7.872 10.020000000000001 2.5220000000000002 2.9979999999999998 -0.7609999999999999 0.2286 0.31980000000000003 2.479
10.038 7.9079999999999995 7.200000000000001 -0.6629999999999998 2.774 2.6830000000000003 0.435 0.348 2.893
7.17 7.938000000000001 10.008 3.061 3.117 -0.53 0.2586 0.33540000000000003 2.308
7.212000000000001 7.92 9.924 2.571 3.474 -0.43900000000000006 0.2562 0.3186 2.269
10.158 7.938000000000001 7.1339999999999995 -0.4810000000000001 3.082 2.8090000000000006 0.4116 0.3234 2.011
7.193999999999999 7.914000000000001 9.96 2.956 3.0959999999999996 -0.6209999999999998 0.291 0.3246 2.278
7.200000000000001 7.902000000000001 10.008 2.6410000000000005 3.1449999999999996 -0.6069999999999998 0.2682 0.3234 1.6840000000000002
9.978 7.902000000000001 7.23 -0.3899999999999999 3.138 3.159 0.4296 0.3216 1.888
9.815999999999999 7.902000000000001 7.212000000000001 -0.488 3.362 2.6340000000000003 0.4008 0.3 2.332
10.056 7.92 7.200000000000001 -0.5929999999999997 2.9909999999999997 3.1310000000000002 0.4296 0.336 2.839
7.212000000000001 7.902000000000001 9.954 2.669 3.005 -0.5929999999999997 0.26039999999999996 0.35459999999999997 2.002
7.176 7.926 10.026 2.8229999999999995 3.1870000000000003 -0.5650000000000002 0.2502 0.34859999999999997 3.229
7.23 7.895999999999999 9.978 2.8579999999999997 3.173 -0.5650000000000002 0.2562 0.3006 2.566
10.026 7.9079999999999995 7.1819999999999995 -0.5720000000000001 3.1870000000000003 2.6270000000000002 0.3864 0.3144 2.458
7.17 7.9319999999999995 9.876000000000001 2.515 3.32 -0.6700000000000002 0.24719999999999998 0.32580000000000003 2.263
10.068000000000001 7.902000000000001 7.188000000000001 -0.5510000000000002 2.8859999999999997 2.9839999999999995 0.435 0.3048 2.887
10.229999999999999 7.895999999999999 7.176 -0.19399999999999995 3.026 3.005 0.39540000000000003 0.348 2.428
7.188000000000001 7.9079999999999995 9.876000000000001 2.7600000000000007 3.18 -0.7120000000000002 0.1998 0.33480000000000004 1.705
10.044 7.92 7.2059999999999995 -0.43199999999999994 3.082 2.8649999999999993 0.402 0.36119999999999997 2.596
7.188000000000001 7.9319999999999995 10.212 2.851 3.026 -0.45999999999999996 0.2646 0.3192 2.062
7.2059999999999995 7.92 9.918 2.774 2.8090000000000006 -0.5230000000000001 0.2814 0.336 1.888
7.164000000000001 7.938000000000001 9.942 3.0399999999999996 3.061 -0.6840000000000002 0.267 0.3234 2.38
7.188000000000001 7.9079999999999995 10.032 2.662 3.2569999999999997 -0.7120000000000002 0.2628 0.3144 2.3049999999999997
10.044 7.926 7.176 -0.5370000000000001 3.117 2.7670000000000003 0.44339999999999996 0.28319999999999995 2.491
7.1579999999999995 7.926 9.9 3.005 3.1519999999999997 -0.6560000000000001 0.2808 0.30119999999999997 2.332
9.744 7.926 7.188000000000001 -0.502 3.124 2.9279999999999995 0.41639999999999994 0.3132 1.999
10.05 7.9319999999999995 7.145999999999999 -0.5789999999999997 2.956 2.893 0.4086 0.318 2.059
7.212000000000001 7.9079999999999995 9.858 2.9139999999999997 3.278 -0.43900000000000006 0.2688 0.2958 2.8689999999999998
7.176 7.878 9.888 2.7880000000000003 3.0469999999999997 -0.6840000000000002 0.2868 0.3186 2.059
7.128 7.890000000000001 9.738 3.117 3.215 -0.45999999999999996 0.255 0.35519999999999996 2.806
7.23 7.914000000000001 10.026 2.844 3.2920000000000003 -0.383 0.3054 0.32580000000000003 2.0949999999999998
9.768 7.914000000000001 7.145999999999999 -0.6980000000000002 3.1870000000000003 2.7530000000000006 0.41519999999999996 0.3162 1.768
7.224 7.895999999999999 9.894 2.8090000000000006 3.271 -0.7120000000000002 0.1896 0.3414 2.137
9.894 7.914000000000001 7.176 -0.4179999999999999 2.613 2.7530000000000006 0.4386 0.33180000000000004 3.487
7.17 7.926 9.888 2.7110000000000003 2.9209999999999994 -0.558 0.2526 0.3108 1.6840000000000002
7.188000000000001 7.895999999999999 10.11 2.9769999999999994 3.117 -0.4810000000000001 0.2772 0.3096 2.182
7.1819999999999995 7.890000000000001 9.911999999999999 2.5920000000000005 2.8579999999999997 -0.6000000000000001 0.26339999999999997 0.3264 2.503
7.248000000000001 7.92 9.876000000000001 3.061 3.278 -0.6069999999999998 0.264 0.3372 2.278
9.81 7.9079999999999995 7.242 -0.43199999999999994 3.138 2.557 0.41879999999999995 0.32880000000000004 2.632
7.193999999999999 7.950000000000001 10.290000000000001 3.285 3.012 -0.6629999999999998 0.2688 0.3162 2.68
7.1819999999999995 7.9319999999999995 10.044 2.8789999999999996 3.117 -0.544 0.24599999999999997 0.3192 1.888
10.128 7.914000000000001 7.176 -0.4950000000000001 3.012 2.62 0.441 0.3294 2.11
9.972000000000001 7.8839999999999995 7.212000000000001 -0.45300000000000007 3.5020000000000002 2.662 0.43079999999999996 0.3276 1.624
9.870000000000001 7.9079999999999995 7.188000000000001 -0.5860000000000001 3.082 2.6550000000000002 0.4578 0.3066 2.323
7.2059999999999995 7.938000000000001 9.978 2.9839999999999995 3.019 -0.544 0.24479999999999996 0.336 2.518
7.188000000000001 7.943999999999999 9.876000000000001 2.613 3.124 -0.383 0.2586 0.3114 2.572
7.224 7.92 10.074 3.0329999999999995 3.278 -0.5510000000000002 0.2994 0.30419999999999997 2.152
10.05 7.9319999999999995 7.2540000000000004 -0.43199999999999994 3.222 2.6410000000000005 0.40440000000000004 0.3174 2.743
10.181999999999999 7.926 7.2059999999999995 -0.383 3.1310000000000002 2.501 0.417 0.29219999999999996 2.512
7.224 7.943999999999999 9.978 2.7600000000000007 3.138 -0.5090000000000001 0.2988 0.3024 1.99
10.206 7.914000000000001 7.1819999999999995 -0.7609999999999999 3.019 3.1870000000000003 0.45599999999999996 0.33 1.966
9.936 7.943999999999999 7.218 -0.5929999999999997 3.124 2.9139999999999997 0.41279999999999994 0.34679999999999994 2.086
10.133999999999999 7.943999999999999 7.212000000000001 -0.5929999999999997 3.0959999999999996 3.0329999999999995 0.4206 0.3306 2.41
7.164000000000001 7.878 9.966000000000001 2.6410000000000005 3.0329999999999995 -0.5650000000000002 0.23399999999999999 0.3246 2.461
7.218 7.926 10.092 2.8159999999999994 3.0329999999999995 -0.4950000000000001 0.25139999999999996 0.3504 2.1790000000000003
7.176 7.9079999999999995 9.978 2.9279999999999995 3.1029999999999998 -0.45999999999999996 0.2622 0.3126 3.181
7.23 7.92 9.936 2.6550000000000002 3.439 -0.6560000000000001 0.2562 0.3174 2.224
7.224 7.914000000000001 9.978 2.7950000000000004 2.8859999999999997 -0.6909999999999998 0.2994 0.27 1.954
7.193999999999999 7.902000000000001 10.020000000000001 2.9419999999999997 2.907 -0.5090000000000001 0.2394 0.35459999999999997 2.563
7.176 7.926 10.068000000000001 2.6550000000000002 3.0329999999999995 -0.45999999999999996 0.26039999999999996 0.2958 3.007
7.224 7.9079999999999995 9.996 2.732 3.2079999999999997 -0.5929999999999997 0.25739999999999996 0.34619999999999995 1.8699999999999999
7.188000000000001 7.926 10.086 2.781 3.082 -0.558 0.2226 0.369 2.7249999999999996
10.08 7.943999999999999 7.188000000000001 -0.3619999999999999 2.963 2.6410000000000005 0.3858 0.3414 2.509
7.212000000000001 7.9559999999999995 9.876000000000001 2.8299999999999996 2.8719999999999994 -0.5090000000000001 0.2688 0.3234 2.212
7.200000000000001 7.943999999999999 10.224 2.956 3.285 -0.6209999999999998 0.2706 0.28919999999999996 3.0580000000000003
9.996 7.8839999999999995 7.224 -0.544 3.215 3.0329999999999995 0.40800000000000003 0.3108 3.169
7.188000000000001 7.9079999999999995 10.236 2.7670000000000003 2.8649999999999993 -0.6000000000000001 0.2736 0.348 2.62
7.188000000000001 7.943999999999999 10.068000000000001 2.7460000000000004 3.012 -0.6420000000000001 0.2778 0.33 2.569
10.14 7.8839999999999995 7.17 -0.4179999999999999 3.3129999999999997 2.949 0.40140000000000003 0.3108 2.884
7.242 7.9079999999999995 10.224 2.9699999999999998 3.068 -0.502 0.2868 0.32580000000000003 2.452
10.158 7.902000000000001 7.218 -0.41100000000000003 2.8159999999999994 3.215 0.4116 0.33540000000000003 1.492
7.193999999999999 7.872 9.924 2.7670000000000003 3.2430000000000003 -0.7609999999999999 0.2778 0.3126 2.377
10.008 7.943999999999999 7.218 -0.53 3.026 2.949 0.4032 0.3096 2.449
9.948 7.9319999999999995 7.140000000000001 -0.6700000000000002 3.005 2.7530000000000006 0.42479999999999996 0.3144 1.873
10.056 7.895999999999999 7.1819999999999995 -0.42500000000000004 3.0469999999999997 2.718 0.42239999999999994 0.3138 2.035
9.846 7.943999999999999 7.176 -0.6069999999999998 3.1870000000000003 2.7460000000000004 0.41879999999999995 0.3264 3.334
7.164000000000001 7.902000000000001 10.181999999999999 2.662 3.054 -0.5789999999999997 0.24479999999999996 0.3342 2.08
10.056 7.895999999999999 7.140000000000001 -0.6069999999999998 3.236 2.9349999999999996 0.42419999999999997 0.3252 2.557
10.122 7.914000000000001 7.176 -0.5929999999999997 3.2079999999999997 3.11 0.44639999999999996 0.28319999999999995 2.464
7.2059999999999995 7.950000000000001 9.606 2.7040000000000006 2.9699999999999998 -0.45999999999999996 0.2718 0.3372 2.1790000000000003
10.038 7.9079999999999995 7.17 -0.6209999999999998 2.893 2.8229999999999995 0.4596 0.3246 2.02
7.224 7.890000000000001 10.008 2.8859999999999997 3.068 -0.5650000000000002 0.24479999999999996 0.36779999999999996 2.395
9.888 7.902000000000001 7.188000000000001 -0.2849999999999999 3.0329999999999995 2.7600000000000007 0.3942 0.3186 3.028
10.194 7.890000000000001 7.248000000000001 -0.5370000000000001 3.075 2.7880000000000003 0.4296 0.32280000000000003 1.585
10.128 7.926 7.188000000000001 -0.4670000000000001 3.166 2.781 0.40800000000000003 0.35519999999999996 2.95
7.1579999999999995 7.9079999999999995 9.911999999999999 3.2920000000000003 3.341 -0.516 0.3096 0.3 1.93
7.200000000000001 7.938000000000001 10.206 2.8159999999999994 3.1310000000000002 -0.42500000000000004 0.2496 0.3162 2.4699999999999998
9.882 7.938000000000001 7.200000000000001 -0.8029999999999998 2.8649999999999993 3.012 0.35819999999999996 0.3444 2.107
7.218 7.9319999999999995 10.272 3.11 3.138 -0.6560000000000001 0.2748 0.34379999999999994 2.452
7.188000000000001 7.92 9.948 2.851 2.9909999999999997 -0.3270000000000002 0.2292 0.3306 2.476
9.9 7.926 7.176 -0.5929999999999997 3.026 2.8299999999999996 0.3846 0.33 2.743
10.14 7.926 7.1819999999999995 -0.42500000000000004 2.9209999999999994 2.5360000000000005 0.4266 0.309 2.566
7.152000000000001 7.962000000000001 9.99 2.8719999999999994 3.334 -0.7189999999999999 0.24899999999999997 0.33240000000000003 2.722
7.193999999999999 7.914000000000001 9.858 2.9909999999999997 3.0329999999999995 -0.544 0.26639999999999997 0.2964 2.485
9.882 7.9079999999999995 7.152000000000001 -0.4039999999999999 3.068 3.0959999999999996 0.432 0.34679999999999994 2.122
7.1579999999999995 7.895999999999999 9.972000000000001 2.8369999999999997 3.2990000000000004 -0.42500000000000004 0.261 0.324 2.641
7.152000000000001 7.92 9.954 2.5220000000000002 3.215 -0.516 0.282 0.294 2.401
7.188000000000001 7.895999999999999 10.122 2.8229999999999995 3.32 -0.5789999999999997 0.2562 0.2904 2.1550000000000002
7.1579999999999995 7.895999999999999 9.978 3.0399999999999996 2.9909999999999997 -0.5230000000000001 0.2592 0.3 1.918
7.224 7.926 10.026 2.8789999999999996 3.271 -0.4179999999999999 0.2784 0.3162 3.0220000000000002
7.2059999999999995 7.92 10.032 2.732 3.2990000000000004 -0.7260000000000002 0.2694 0.3054 3.274
10.056 7.890000000000001 7.23 -0.41100000000000003 3.2079999999999997 3.019 0.3966 0.36719999999999997 1.756
7.17 7.943999999999999 9.906 2.62 2.9839999999999995 -0.4810000000000001 0.26639999999999997 0.3024 2.695
10.098 7.914000000000001 7.224 -0.5789999999999997 3.054 2.7880000000000003 0.393 0.3162 1.942
10.229999999999999 7.962000000000001 7.212000000000001 -0.44599999999999995 2.9979999999999998 2.9839999999999995 0.3978 0.3246 2.062
9.99 7.9079999999999995 7.200000000000001 -0.4179999999999999 3.019 2.6340000000000003 0.43679999999999997 0.3078 1.384
7.218 7.9079999999999995 9.942 2.6900000000000004 3.124 -0.3270000000000002 0.282 0.321 2.476
7.236000000000001 7.92 9.911999999999999 2.781 3.264 -0.3619999999999999 0.2526 0.34019999999999995 1.666
7.212000000000001 7.890000000000001 10.104 2.732 3.236 -0.7469999999999999 0.2358 0.33180000000000004 2.077
7.193999999999999 7.9079999999999995 10.212 2.8369999999999997 3.068 -0.6280000000000001 0.2724 0.3018 2.41
10.062000000000001 7.902000000000001 7.188000000000001 -0.5789999999999997 2.9699999999999998 2.732 0.4002 0.3606 1.978
7.200000000000001 7.950000000000001 10.038 2.9279999999999995 2.907 -0.6700000000000002 0.2754 0.3066 2.569
7.176 7.902000000000001 10.098 2.7460000000000004 2.9139999999999997 -0.3270000000000002 0.264 0.33180000000000004 2.113
10.122 7.9079999999999995 7.17 -0.5090000000000001 3.082 2.8090000000000006 0.4008 0.34079999999999994 3.223
7.188000000000001 7.92 9.846 3.25 2.9419999999999997 -0.5720000000000001 0.25139999999999996 0.297 1.963
9.911999999999999 7.914000000000001 7.176 -0.5720000000000001 2.949 3.054 0.4056 0.3096 2.2359999999999998
7.212000000000001 7.92 9.996 2.571 3.194 -0.6069999999999998 0.21059999999999998 0.34619999999999995 2.137
7.17 7.902000000000001 9.911999999999999 2.8090000000000006 3.2079999999999997 -0.43199999999999994 0.2736 0.3234 2.251
9.870000000000001 7.92 7.164000000000001 -0.6489999999999998 3.005 2.8579999999999997 0.4296 0.285 2.263
7.200000000000001 7.914000000000001 9.948 2.8159999999999994 3.075 -0.29900000000000015 0.24659999999999999 0.297 1.918
7.152000000000001 7.950000000000001 10.08 2.8159999999999994 3.0959999999999996 -0.41100000000000003 0.276 0.285 1.822
7.152000000000001 7.938000000000001 9.834 2.6410000000000005 3.334 -0.7049999999999998 0.26339999999999997 0.3078 2.197
10.17 7.8660000000000005 7.218 -0.7400000000000002 2.9419999999999997 2.515 0.4296 0.3336 2.341
7.218 7.9319999999999995 9.996 2.725 3.229 -0.6420000000000001 0.2556 0.32880000000000004 2.407
10.026 7.902000000000001 7.17 -0.7189999999999999 3.138 2.6550000000000002 0.42419999999999997 0.3006 2.113
7.17 7.926 9.75 2.487 2.949 -0.5789999999999997 0.2706 0.3306 2.8689999999999998
9.984 7.962000000000001 7.200000000000001 -0.4179999999999999 3.012 3.2079999999999997 0.4056 0.351 1.84
7.212000000000001 7.938000000000001 9.876000000000001 2.7460000000000004 3.117 -0.502 0.24419999999999997 0.3036 2.854
7.176 7.902000000000001 9.894 2.8090000000000006 2.963 -0.6349999999999998 0.2394 0.32280000000000003 1.744
7.218 7.902000000000001 9.972000000000001 2.844 2.8090000000000006 -0.6420000000000001 0.2736 0.3018 2.431
7.164000000000001 7.914000000000001 10.116000000000001 2.7670000000000003 3.0959999999999996 -0.44599999999999995 0.2766 0.3342 1.7890000000000001
10.248 7.92 7.1819999999999995 -0.5929999999999997 2.956 3.012 0.3882 0.32280000000000003 2.5
10.128 7.895999999999999 7.176 -0.5370000000000001 3.0889999999999995 2.8719999999999994 0.3972 0.30119999999999997 2.3200000000000003
7.212000000000001 7.950000000000001 10.056 3.1519999999999997 2.963 -0.7329999999999999 0.2346 0.35159999999999997 1.51
9.9 7.902000000000001 7.140000000000001 -0.6349999999999998 3.18 2.599 0.41819999999999996 0.3576 1.903
7.145999999999999 7.938000000000001 10.05 2.676 2.963 -0.22899999999999987 0.2562 0.3204 3.136
10.026 7.902000000000001 7.23 -0.4950000000000001 3.236 2.7460000000000004 0.4092 0.2814 2.359
9.978 7.9079999999999995 7.193999999999999 -0.502 2.725 3.1519999999999997 0.4092 0.3156 2.347
7.23 7.8839999999999995 9.888 2.7670000000000003 3.1029999999999998 -0.6280000000000001 0.2658 0.312 2.065
10.062000000000001 7.890000000000001 7.212000000000001 -0.6069999999999998 3.061 2.8090000000000006 0.43979999999999997 0.3222 2.044
10.104 7.9079999999999995 7.224 -0.7049999999999998 2.963 2.9139999999999997 0.399 0.34619999999999995 1.993
7.1819999999999995 7.914000000000001 10.158 2.669 3.236 -0.6000000000000001 0.2976 0.33779999999999993 2.092
10.08 7.926 7.212000000000001 -0.43900000000000006 3.124 2.8789999999999996 0.41879999999999995 0.2874 2.224
7.2059999999999995 7.9319999999999995 9.99 2.9769999999999994 3.138 -0.53 0.2406 0.3576 2.374
7.176 7.9079999999999995 10.020000000000001 2.5780000000000003 3.425 -0.5860000000000001 0.2706 0.3366 2.872
7.218 7.92 9.911999999999999 2.9769999999999994 3.1310000000000002 -0.369 0.24 0.3222 2.518
9.99 7.926 7.200000000000001 -0.6700000000000002 3.0329999999999995 2.7390000000000003 0.4098 0.3294 2.5780000000000003
10.044 7.914000000000001 7.164000000000001 -0.474 2.9979999999999998 3.026 0.41759999999999997 0.35159999999999997 2.668
10.128 7.926 7.212000000000001 -0.5230000000000001 3.124 2.8090000000000006 0.3966 0.3108 3.205
7.2059999999999995 7.950000000000001 9.96 2.5360000000000005 3.061 -0.6489999999999998 0.2598 0.306 2.608
10.146 7.902000000000001 7.164000000000001 -0.7540000000000002 2.8369999999999997 2.907 0.40440000000000004 0.3294 2.158
9.984 7.9079999999999995 7.188000000000001 -0.6489999999999998 3.0329999999999995 2.8299999999999996 0.3894 0.36119999999999997 2.146
9.762 7.92 7.176 -0.45300000000000007 2.9 3.026 0.41459999999999997 0.33959999999999996 3.1149999999999998
7.212000000000001 7.92 10.014 3.0889999999999995 2.949 -0.7400000000000002 0.264 0.32280000000000003 2.548
9.954 7.9079999999999995 7.1579999999999995 -0.5090000000000001 2.949 2.9839999999999995 0.4578 0.3132 2.089
7.200000000000001 7.9319999999999995 10.181999999999999 2.8229999999999995 3.11 -0.45300000000000007 0.2436 0.3294 2.293
7.164000000000001 7.895999999999999 10.056 2.7460000000000004 3.138 -0.43900000000000006 0.2556 0.34919999999999995 3.118
7.2059999999999995 7.914000000000001 9.911999999999999 2.6410000000000005 3.271 -0.4179999999999999 0.2502 0.366 2.6260000000000003
7.200000000000001 7.9559999999999995 9.834 3.236 2.9209999999999994 -0.474 0.2352 0.3732 1.726
9.948 7.9319999999999995 7.188000000000001 -0.4670000000000001 3.2430000000000003 2.7670000000000003 0.42 0.2796 1.885
7.2059999999999995 7.902000000000001 10.038 3.166 2.9839999999999995 -0.4950000000000001 0.2556 0.303 2.5540000000000003
7.2059999999999995 7.9319999999999995 10.074 2.676 2.8789999999999996 -0.6000000000000001 0.24180000000000001 0.3066 2.002
9.996 7.8839999999999995 7.193999999999999 -0.488 3.1310000000000002 2.6550000000000002 0.3858 0.34559999999999996 2.143
10.068000000000001 7.9079999999999995 7.17 -0.8309999999999998 3.019 2.4379999999999997 0.42 0.30119999999999997 2.128
7.188000000000001 7.914000000000001 10.11 2.7880000000000003 2.844 -0.45300000000000007 0.2898 0.3102 2.488
7.17 7.9079999999999995 9.942 3.061 3.166 -0.5370000000000001 0.2598 0.30419999999999997 1.981
10.056 7.92 7.17 -0.42500000000000004 2.9209999999999994 2.774 0.42119999999999996 0.3366 1.816
7.176 7.914000000000001 10.038 2.8159999999999994 3.124 -0.7680000000000002 0.2406 0.3504 1.714
9.996 7.9079999999999995 7.176 -0.3619999999999999 3.075 2.543 0.3966 0.3276 1.918
7.193999999999999 7.914000000000001 9.9 2.7390000000000003 2.893 -0.42500000000000004 0.21239999999999998 0.35219999999999996 1.8130000000000002
7.200000000000001 7.914000000000001 10.026 2.6270000000000002 3.082 -0.4810000000000001 0.2874 0.3306 2.6710000000000003
9.996 7.962000000000001 7.164000000000001 -0.3480000000000001 2.9909999999999997 3.285 0.4092 0.3702 2.719
7.212000000000001 7.938000000000001 9.984 2.8369999999999997 2.8789999999999996 -0.31299999999999994 0.2586 0.2904 1.954
7.193999999999999 7.926 10.002 2.8299999999999996 3.173 -0.6840000000000002 0.22799999999999998 0.3222 1.816
9.882 7.926 7.200000000000001 -0.3480000000000001 2.8719999999999994 2.4730000000000003 0.40740000000000004 0.35519999999999996 1.8250000000000002
7.200000000000001 7.902000000000001 9.911999999999999 3.1519999999999997 2.9279999999999995 -0.4950000000000001 0.2682 0.3186 2.317
10.056 7.9079999999999995 7.224 -0.6700000000000002 2.9979999999999998 2.9139999999999997 0.4422 0.32280000000000003 2.242
7.176 7.878 10.181999999999999 3.2009999999999996 3.334 -0.488 0.2628 0.34019999999999995 2.6590000000000003
10.146 7.9079999999999995 7.242 -0.6420000000000001 2.8649999999999993 2.4800000000000004 0.405 0.35579999999999995 3.064
7.2059999999999995 7.902000000000001 10.194 2.732 3.2990000000000004 -0.6980000000000002 0.267 0.2748 2.125
10.104 7.938000000000001 7.218 -0.5090000000000001 3.082 2.459 0.4116 0.3168 2.677
9.9 7.914000000000001 7.1579999999999995 -0.488 3.019 2.851 0.4386 0.28259999999999996 2.788
7.248000000000001 7.943999999999999 10.146 2.8020000000000005 3.1449999999999996 -0.5230000000000001 0.24899999999999997 0.3264 2.965
10.152 7.8839999999999995 7.224 -0.43900000000000006 3.173 2.431 0.40140000000000003 0.33180000000000004 2.452
10.152 7.914000000000001 7.193999999999999 -0.5230000000000001 3.082 2.9 0.41100000000000003 0.327 2.5780000000000003
9.93 7.9319999999999995 7.212000000000001 -0.5090000000000001 2.9279999999999995 2.571 0.3756 0.32580000000000003 1.942
7.176 7.926 9.93 2.9139999999999997 3.026 -0.5860000000000001 0.2424 0.3336 2.383
7.212000000000001 7.943999999999999 9.888 2.956 3.117 -0.43199999999999994 0.2712 0.3114 1.42
7.224 7.9079999999999995 9.984 2.725 2.8090000000000006 -0.43900000000000006 0.2334 0.3186 2.125
10.098 7.9319999999999995 7.176 -0.6629999999999998 3.075 2.606 0.3978 0.3276 2.137
7.212000000000001 7.92 10.242 2.613 2.9909999999999997 -0.6209999999999998 0.24419999999999997 0.3108 1.816
7.152000000000001 7.938000000000001 9.996 2.7670000000000003 3.1449999999999996 -0.44599999999999995 0.3006 0.2988 3.289
7.218 7.8839999999999995 9.846 2.9349999999999996 2.9839999999999995 -0.44599999999999995 0.261 0.3 1.918
10.05 7.902000000000001 7.17 -0.45300000000000007 3.054 2.7880000000000003 0.426 0.2838 2.629
7.164000000000001 7.902000000000001 9.93 2.6900000000000004 2.8719999999999994 -0.45999999999999996 0.2742 0.34199999999999997 2.8449999999999998
9.906 7.92 7.2059999999999995 -0.488 2.725 2.963 0.3942 0.33779999999999993 2.374
10.020000000000001 7.8660000000000005 7.152000000000001 -0.45300000000000007 2.8719999999999994 2.515 0.45599999999999996 0.2988 2.248
7.236000000000001 7.914000000000001 10.020000000000001 2.676 3.068 -0.4039999999999999 0.273 0.336 2.8
10.074 7.9079999999999995 7.218 -0.7540000000000002 3.082 2.8159999999999994 0.42539999999999994 0.32580000000000003 2.0170000000000003
7.193999999999999 7.926 10.122 2.6480000000000006 2.9839999999999995 -0.6909999999999998 0.24839999999999998 0.255 2.689
7.176 7.914000000000001 9.99 2.9909999999999997 3.383 -0.6349999999999998 0.29819999999999997 0.2814 2.6740000000000004
9.954 7.902000000000001 7.193999999999999 -0.5370000000000001 3.2009999999999996 2.8649999999999993 0.40740000000000004 0.3144 2.404
7.224 7.902000000000001 9.9 3.117 2.9979999999999998 -0.5789999999999997 0.24839999999999998 0.3126 2.209
7.193999999999999 7.9079999999999995 9.954 2.62 3.026 -0.5720000000000001 0.19920000000000002 0.369 3.235
10.194 7.950000000000001 7.212000000000001 -0.5510000000000002 3.054 2.8299999999999996 0.39840000000000003 0.34259999999999996 1.573
7.188000000000001 7.9079999999999995 10.133999999999999 2.844 3.054 -0.544 0.261 0.34679999999999994 2.761
9.954 7.938000000000001 7.200000000000001 -0.6629999999999998 2.8229999999999995 2.5780000000000003 0.4062 0.3144 2.527
7.193999999999999 7.878 10.056 2.6270000000000002 3.1029999999999998 -0.558 0.24719999999999998 0.3294 2.1189999999999998
10.074 7.914000000000001 7.218 -0.6280000000000001 2.907 3.138 0.402 0.3312 3.283
9.81 7.943999999999999 7.193999999999999 -0.488 3.11 2.732 0.37679999999999997 0.34379999999999994 2.9050000000000002
10.098 7.902000000000001 7.218 -0.5929999999999997 3.0399999999999996 2.62 0.3564 0.3366 2.173
7.176 7.9559999999999995 9.966000000000001 2.5220000000000002 3.138 -0.6980000000000002 0.2772 0.3276 2.332
7.188000000000001 7.914000000000001 10.128 2.9839999999999995 2.7530000000000006 -0.53 0.24479999999999996 0.34259999999999996 2.521
7.212000000000001 7.926 10.002 2.8229999999999995 3.0889999999999995 -0.5720000000000001 0.25439999999999996 0.34079999999999994 2.413
7.193999999999999 7.926 9.918 2.501 3.271 -0.41100000000000003 0.2364 0.33779999999999993 1.705
7.218 7.92 9.93 2.732 3.3689999999999998 -0.3759999999999999 0.2754 0.32580000000000003 2.266
7.176 7.943999999999999 10.212 2.669 3.061 -0.7189999999999999 0.2382 0.2928 2.002
7.188000000000001 7.9079999999999995 9.9 2.9979999999999998 3.054 -0.383 0.2244 0.35879999999999995 1.8459999999999999
7.193999999999999 7.9079999999999995 10.038 2.725 3.0889999999999995 -0.3759999999999999 0.255 0.34079999999999994 2.188
9.966000000000001 7.914000000000001 7.200000000000001 -0.45300000000000007 3.271 2.403 0.4086 0.30419999999999997 2.791
7.218 7.9319999999999995 10.086 2.7390000000000003 3.2009999999999996 -0.41100000000000003 0.2802 0.29159999999999997 2.596
7.176 7.9319999999999995 9.942 2.7950000000000004 2.893 -0.7120000000000002 0.2694 0.3474 2.134
9.942 7.914000000000001 7.1819999999999995 -0.5929999999999997 3.012 2.8859999999999997 0.4092 0.32580000000000003 2.164
7.164000000000001 7.902000000000001 10.248 2.4939999999999998 3.054 -0.488 0.2526 0.3366 2.623
7.2059999999999995 7.926 10.11 3.2009999999999996 3.11 -0.6769999999999998 0.24539999999999998 0.34079999999999994 1.786
7.152000000000001 7.950000000000001 10.158 2.9209999999999994 3.2430000000000003 -0.5720000000000001 0.21839999999999998 0.3102 1.867
9.936 7.895999999999999 7.242 -0.6629999999999998 3.1310000000000002 2.6970000000000005 0.3636 0.33779999999999993 3.2560000000000002
7.17 7.926 10.176 2.7040000000000006 3.341 -0.6209999999999998 0.2562 0.3054 2.5540000000000003
7.2059999999999995 7.926 10.122 2.8859999999999997 3.194 -0.7120000000000002 0.2382 0.2844 2.224
9.846 7.92 7.152000000000001 -0.5230000000000001 2.8159999999999994 2.781 0.36779999999999996 0.34859999999999997 1.807
9.84 7.9319999999999995 7.193999999999999 -0.5510000000000002 3.1310000000000002 3.082 0.41040000000000004 0.3372 3.88
10.242 7.895999999999999 7.1579999999999995 -0.558 3.1449999999999996 2.9139999999999997 0.44939999999999997 0.288 2.458
7.224 7.914000000000001 9.966000000000001 2.8789999999999996 2.9979999999999998 -0.6140000000000001 0.2766 0.3078 1.8639999999999999
10.074 7.92 7.188000000000001 -0.4670000000000001 3.159 2.8090000000000006 0.4206 0.29819999999999997 3.313
10.104 7.92 7.193999999999999 -0.3550000000000002 2.9979999999999998 2.8789999999999996 0.42719999999999997 0.3162 1.78
7.218 7.9079999999999995 10.104 2.8020000000000005 3.2920000000000003 -0.6489999999999998 0.3078 0.3018 1.573
10.08 7.872 7.193999999999999 -0.45300000000000007 3.1029999999999998 2.6340000000000003 0.42 0.3414 3.169
10.062000000000001 7.895999999999999 7.236000000000001 -0.6560000000000001 3.2009999999999996 2.9 0.34679999999999994 0.35219999999999996 2.665
10.104 7.9319999999999995 7.176 -0.4670000000000001 3.159 2.907 0.393 0.37079999999999996 2.491
10.038 7.8839999999999995 7.1819999999999995 -0.4950000000000001 3.138 3.166 0.43139999999999995 0.32880000000000004 2.11
7.212000000000001 7.9079999999999995 10.008 2.676 3.3480000000000003 -0.3270000000000002 0.2274 0.36119999999999997 2.71
7.17 7.895999999999999 10.133999999999999 2.893 3.2009999999999996 -0.4950000000000001 0.219 0.35579999999999995 2.572
9.948 7.878 7.224 -0.5789999999999997 3.1449999999999996 2.774 0.4032 0.3192 2.449
7.242 7.9079999999999995 10.008 3.173 3.194 -0.7540000000000002 0.273 0.33779999999999993 2.101
9.942 7.92 7.200000000000001 -0.544 3.166 2.6900000000000004 0.3936 0.3444 2.182
7.193999999999999 7.9079999999999995 9.948 2.9979999999999998 3.215 -0.30600000000000005 0.264 0.3204 2.56
9.672 7.943999999999999 7.1819999999999995 -0.488 3.082 2.9769999999999994 0.3666 0.3876 1.954
7.164000000000001 7.9319999999999995 10.11 2.781 2.844 -0.544 0.3114 0.297 2.107
9.984 7.9079999999999995 7.1339999999999995 -0.5720000000000001 3.1449999999999996 2.956 0.43379999999999996 0.33 1.882
9.948 7.9079999999999995 7.2059999999999995 -0.6209999999999998 3.2079999999999997 2.9419999999999997 0.4098 0.3216 1.981
10.194 7.938000000000001 7.200000000000001 -0.6209999999999998 3.271 2.431 0.4026 0.3192 2.278
9.984 7.890000000000001 7.218 -0.488 2.9839999999999995 2.9699999999999998 0.4122 0.321 2.02
9.852 7.943999999999999 7.236000000000001 -0.5789999999999997 3.138 2.8369999999999997 0.4122 0.3312 2.572
7.188000000000001 7.938000000000001 10.014 2.6900000000000004 2.9909999999999997 -0.6420000000000001 0.255 0.30119999999999997 1.951
9.911999999999999 7.9079999999999995 7.2059999999999995 -0.544 2.844 2.9349999999999996 0.396 0.321 1.843
10.098 7.914000000000001 7.164000000000001 -0.5789999999999997 3.005 2.7880000000000003 0.4392 0.27 2.752
7.188000000000001 7.92 9.93 3.0329999999999995 3.2990000000000004 -0.6769999999999998 0.22619999999999998 0.31980000000000003 3.163
7.193999999999999 7.926 10.08 2.8229999999999995 2.9909999999999997 -0.8029999999999998 0.2628 0.33540000000000003 1.879
7.212000000000001 7.92 9.966000000000001 2.9349999999999996 3.0469999999999997 -0.6769999999999998 0.2724 0.3246 2.4699999999999998
7.1579999999999995 7.9319999999999995 9.815999999999999 2.8369999999999997 3.2990000000000004 -0.5929999999999997 0.2784 0.3072 3.7750000000000004
7.2059999999999995 7.9079999999999995 10.014 2.907 3.215 -0.41100000000000003 0.2814 0.29219999999999996 2.359
10.020000000000001 7.9319999999999995 7.212000000000001 -0.6560000000000001 3.082 3.005 0.393 0.3474 2.5060000000000002
7.212000000000001 7.968 9.815999999999999 3.229 2.9909999999999997 -0.5720000000000001 0.24899999999999997 0.3294 1.7530000000000001
10.038 7.9319999999999995 7.188000000000001 -0.42500000000000004 2.8789999999999996 2.9699999999999998 0.3816 0.3762 2.686
7.145999999999999 7.938000000000001 10.032 2.5920000000000005 2.893 -0.6700000000000002 0.273 0.28859999999999997 2.782
7.212000000000001 7.938000000000001 10.116000000000001 2.9909999999999997 2.8369999999999997 -0.5510000000000002 0.285 0.3342 1.903
7.23 7.926 9.774000000000001 2.6550000000000002 3.075 -0.369 0.255 0.35459999999999997 2.896
7.218 7.9079999999999995 10.044 2.508 3.117 -0.8449999999999999 0.255 0.3168 3.139
9.906 7.9079999999999995 7.188000000000001 -0.383 2.949 3.026 0.366 0.34559999999999996 2.326
10.014 7.9079999999999995 7.23 -0.43900000000000006 3.054 2.732 0.41759999999999997 0.3156 2.365
9.936 7.902000000000001 7.17 -0.6209999999999998 2.8090000000000006 2.9979999999999998 0.44339999999999996 0.3372 2.593
7.2059999999999995 7.9319999999999995 9.828 2.8789999999999996 3.18 -0.502 0.282 0.3222 2.134
7.176 7.8839999999999995 9.96 2.5780000000000003 3.005 -0.558 0.285 0.3156 2.248
7.17 7.878 9.948 2.62 3.0329999999999995 -0.6629999999999998 0.2802 0.2994 2.218
9.942 7.926 7.1579999999999995 -0.5720000000000001 2.9979999999999998 2.9139999999999997 0.4326 0.3246 3.262
7.200000000000001 7.9079999999999995 10.044 2.9839999999999995 3.068 -0.474 0.24719999999999998 0.35219999999999996 2.425
7.17 7.914000000000001 9.942 2.6270000000000002 3.117 -0.6489999999999998 0.2652 0.3072 2.617
7.1819999999999995 7.926 10.14 2.662 3.082 -0.7049999999999998 0.24839999999999998 0.34019999999999995 1.8699999999999999
9.918 7.902000000000001 7.140000000000001 -0.30600000000000005 3.1519999999999997 2.7670000000000003 0.4416 0.315 2.587
10.11 7.902000000000001 7.188000000000001 -0.5650000000000002 3.446 2.6480000000000006 0.3966 0.35219999999999996 2.044
7.193999999999999 7.9319999999999995 9.966000000000001 2.487 2.9979999999999998 -0.5230000000000001 0.25439999999999996 0.348 2.59
9.942 7.9559999999999995 7.212000000000001 -0.3340000000000001 3.11 2.8719999999999994 0.3786 0.3222 2.776
9.876000000000001 7.914000000000001 7.188000000000001 -0.43900000000000006 2.851 2.7390000000000003 0.4332 0.2868 1.843
7.176 7.926 9.918 2.4730000000000003 3.173 -0.4810000000000001 0.2688 0.28859999999999997 2.242
9.918 7.926 7.2059999999999995 -0.6629999999999998 3.117 2.732 0.429 0.3312 2.902
9.774000000000001 7.890000000000001 7.193999999999999 -0.5650000000000002 3.124 2.7600000000000007 0.381 0.3342 3.16
7.188000000000001 7.92 10.002 2.7390000000000003 3.3689999999999998 -0.5929999999999997 0.24719999999999998 0.33899999999999997 1.933
10.122 7.872 7.200000000000001 -0.6560000000000001 3.124 2.8299999999999996 0.438 0.3018 2.761
7.164000000000001 7.926 9.948 2.8579999999999997 3.1029999999999998 -0.3619999999999999 0.279 0.3282 1.903
9.924 7.878 7.188000000000001 -0.278 3.068 3.054 0.41639999999999994 0.3384 2.41
7.1819999999999995 7.950000000000001 10.014 3.0959999999999996 3.124 -0.6140000000000001 0.2568 0.3252 2.395
10.014 7.902000000000001 7.200000000000001 -0.4810000000000001 3.215 2.8649999999999993 0.44339999999999996 0.3414 2.011
7.218 7.902000000000001 10.008 2.564 3.2079999999999997 -0.7189999999999999 0.24419999999999997 0.3138 2.1310000000000002
7.193999999999999 7.914000000000001 9.954 2.718 3.278 -0.6349999999999998 0.264 0.3108 2.098
7.1579999999999995 7.92 10.104 2.6410000000000005 3.1519999999999997 -0.6000000000000001 0.24539999999999998 0.3444 2.332
7.1579999999999995 7.9319999999999995 10.008 2.599 3.2079999999999997 -0.6000000000000001 0.26039999999999996 0.3336 2.323
7.188000000000001 7.914000000000001 9.942 2.7040000000000006 3.362 -0.4810000000000001 0.2586 0.3444 2.542
7.224 7.92 10.014 2.9349999999999996 2.676 -0.474 0.2586 0.3186 2.362
10.062000000000001 7.8660000000000005 7.218 -0.45999999999999996 3.4530000000000003 2.8020000000000005 0.41939999999999994 0.2898 2.5540000000000003
9.96 7.902000000000001 7.200000000000001 -0.5720000000000001 3.159 2.949 0.4062 0.28919999999999996 2.884
7.212000000000001 7.878 10.104 2.6550000000000002 3.026 -0.53 0.2676 0.33240000000000003 2.569
7.200000000000001 7.92 9.888 2.5360000000000005 3.222 -0.5720000000000001 0.2358 0.35219999999999996 2.788
7.176 7.92 10.086 2.7460000000000004 3.0959999999999996 -0.5929999999999997 0.24719999999999998 0.2928 2.059
7.176 7.902000000000001 10.08 2.8229999999999995 3.173 -0.6769999999999998 0.2628 0.3132 2.779
10.032 7.878 7.193999999999999 -0.5650000000000002 3.166 2.7950000000000004 0.426 0.3132 2.965
10.098 7.9319999999999995 7.212000000000001 -0.6209999999999998 2.718 2.557 0.3834 0.3252 2.95
9.978 7.914000000000001 7.188000000000001 -0.6560000000000001 2.9279999999999995 3.25 0.4476 0.318 2.794
7.176 7.9079999999999995 9.966000000000001 2.956 3.1519999999999997 -0.5090000000000001 0.2592 0.3186 1.999
10.068000000000001 7.914000000000001 7.176 -0.5860000000000001 3.012 3.117 0.3846 0.3876 1.8370000000000002
10.086 7.92 7.188000000000001 -0.6069999999999998 3.138 3.117 0.40740000000000004 0.33 2.239
7.164000000000001 7.926 10.133999999999999 2.8369999999999997 3.1310000000000002 -0.6000000000000001 0.2676 0.33480000000000004 2.707
7.164000000000001 7.938000000000001 10.068000000000001 2.9769999999999994 2.571 -0.6349999999999998 0.2556 0.345 2.2329999999999997
10.218 7.9319999999999995 7.176 -0.278 3.1449999999999996 2.8789999999999996 0.3534 0.35579999999999995 2.2329999999999997
7.218 7.9079999999999995 9.918 2.676 3.0469999999999997 -0.5650000000000002 0.25139999999999996 0.29519999999999996 2.734
10.068000000000001 7.9079999999999995 7.176 -0.6420000000000001 3.285 2.8090000000000006 0.4068 0.3102 1.894
10.164 7.9559999999999995 7.1819999999999995 -0.6349999999999998 2.9279999999999995 3.173 0.3876 0.35219999999999996 2.653
9.864 7.914000000000001 7.152000000000001 -0.4670000000000001 3.0329999999999995 2.9839999999999995 0.3336 0.378 1.612
10.122 7.890000000000001 7.176 -0.383 3.0889999999999995 2.8789999999999996 0.4326 0.3306 2.653
10.086 7.9079999999999995 7.164000000000001 -0.6209999999999998 3.2430000000000003 2.6970000000000005 0.39840000000000003 0.345 2.539
7.218 7.902000000000001 10.062000000000001 3.012 3.1310000000000002 -0.6909999999999998 0.255 0.324 2.383
7.140000000000001 7.890000000000001 10.074 2.487 3.1519999999999997 -0.3340000000000001 0.24899999999999997 0.34079999999999994 1.675
10.038 7.950000000000001 7.2059999999999995 -0.5789999999999997 3.194 2.9209999999999994 0.41040000000000004 0.34859999999999997 2.143
7.218 7.914000000000001 10.020000000000001 2.7040000000000006 2.9979999999999998 -0.5230000000000001 0.2394 0.3636 2.6350000000000002
10.086 7.895999999999999 7.193999999999999 -0.6349999999999998 3.2009999999999996 2.7040000000000006 0.372 0.35819999999999996 1.993
7.200000000000001 7.92 10.098 2.8090000000000006 3.1029999999999998 -0.502 0.2532 0.309 2.4219999999999997
10.062000000000001 7.902000000000001 7.193999999999999 -0.397 3.2920000000000003 2.851 0.4596 0.3222 2.0949999999999998
7.224 7.92 9.966000000000001 2.851 3.2079999999999997 -0.6000000000000001 0.2712 0.2874 2.335
7.17 7.914000000000001 9.924 2.62 3.1310000000000002 -0.5230000000000001 0.2652 0.3192 2.311
10.044 7.890000000000001 7.145999999999999 -0.5090000000000001 2.8719999999999994 2.6480000000000006 0.429 0.3096 2.269
7.176 7.890000000000001 10.098 2.62 3.068 -0.53 0.2436 0.333 2.518
10.020000000000001 7.9319999999999995 7.2059999999999995 -0.516 2.9 2.564 0.44999999999999996 0.2844 2.662
7.1819999999999995 7.9319999999999995 9.894 2.7670000000000003 3.278 -0.3340000000000001 0.25079999999999997 0.2976 2.038
10.026 7.8839999999999995 7.2059999999999995 -0.6629999999999998 2.7950000000000004 2.8789999999999996 0.3924 0.34559999999999996 2.167
7.212000000000001 7.902000000000001 10.116000000000001 2.7880000000000003 2.893 -0.5230000000000001 0.2556 0.345 2.0469999999999997
7.188000000000001 7.9319999999999995 9.936 2.662 2.9979999999999998 -0.3480000000000001 0.2496 0.3222 2.149
9.942 7.895999999999999 7.1819999999999995 -0.45300000000000007 3.278 2.718 0.40800000000000003 0.336 2.479
10.17 7.9079999999999995 7.193999999999999 -0.29900000000000015 3.0959999999999996 2.9839999999999995 0.42479999999999996 0.29819999999999997 2.356
7.1819999999999995 7.914000000000001 10.104 2.7110000000000003 2.8090000000000006 -0.34099999999999997 0.2556 0.3342 1.969
10.14 7.938000000000001 7.152000000000001 -0.5720000000000001 2.9769999999999994 3.173 0.4116 0.33959999999999996 1.924
10.133999999999999 7.9319999999999995 7.2059999999999995 -0.6629999999999998 2.9349999999999996 2.5850000000000004 0.3882 0.3654 1.882
10.146 7.914000000000001 7.200000000000001 -0.45999999999999996 2.9909999999999997 2.774 0.4032 0.34619999999999995 2.218
7.224 7.938000000000001 10.032 2.8299999999999996 3.1519999999999997 -0.5789999999999997 0.2562 0.3216 1.945
7.212000000000001 7.895999999999999 10.104 2.851 2.907 -0.4179999999999999 0.2586 0.34679999999999994 2.3440000000000003
7.212000000000001 7.902000000000001 10.05 2.6550000000000002 2.7530000000000006 -0.4670000000000001 0.264 0.33540000000000003 1.96
9.942 7.895999999999999 7.128 -0.6840000000000002 2.956 2.8020000000000005 0.4098 0.39 1.666
7.193999999999999 7.9559999999999995 9.954 2.9699999999999998 3.25 -0.6140000000000001 0.24719999999999998 0.34919999999999995 3.217
7.224 7.878 9.93 3.0469999999999997 3.25 -0.7120000000000002 0.2676 0.35819999999999996 1.705
10.092 7.9319999999999995 7.176 -0.369 3.0959999999999996 3.2430000000000003 0.4332 0.2964 1.384
9.906 7.926 7.2780000000000005 -0.3759999999999999 3.1029999999999998 2.7950000000000004 0.441 0.33180000000000004 2.197
7.1819999999999995 7.950000000000001 10.122 2.851 3.215 -0.6840000000000002 0.258 0.36479999999999996 2.188
7.23 7.92 10.176 2.669 3.236 -0.5929999999999997 0.2676 0.3186 2.4699999999999998
9.99 7.895999999999999 7.1819999999999995 -0.278 2.9769999999999994 2.963 0.4092 0.3168 2.896
7.1819999999999995 7.9319999999999995 9.96 2.9279999999999995 3.229 -0.6349999999999998 0.2808 0.303 2.599
10.020000000000001 7.943999999999999 7.17 -0.6909999999999998 3.1870000000000003 2.7040000000000006 0.4416 0.3282 2.416
9.924 7.9079999999999995 7.242 -0.6000000000000001 2.9209999999999994 2.9839999999999995 0.41759999999999997 0.33480000000000004 2.467
7.176 7.9319999999999995 10.098 2.781 3.1519999999999997 -0.488 0.24899999999999997 0.33540000000000003 2.311
10.098 7.914000000000001 7.218 -0.5789999999999997 3.446 2.8229999999999995 0.3948 0.345 1.339
9.9 7.943999999999999 7.2059999999999995 -0.5090000000000001 3.229 2.5920000000000005 0.42719999999999997 0.327 2.707
10.032 7.902000000000001 7.1819999999999995 -0.5650000000000002 3.026 3.026 0.402 0.33240000000000003 2.251
7.164000000000001 7.926 9.798 2.55 3.215 -0.4039999999999999 0.2238 0.3414 3.0580000000000003
7.164000000000001 7.92 9.894 2.8299999999999996 2.949 -0.43199999999999994 0.3078 0.3216 2.611
10.032 7.890000000000001 7.17 -0.6420000000000001 3.019 2.6900000000000004 0.3822 0.36119999999999997 1.492
7.242 7.92 10.074 3.117 3.075 -0.3270000000000002 0.2628 0.33480000000000004 2.584
7.200000000000001 7.914000000000001 9.966000000000001 2.7950000000000004 3.061 -0.5789999999999997 0.25079999999999997 0.3306 2.713
7.224 7.8660000000000005 9.93 2.7390000000000003 3.278 -0.5090000000000001 0.24779999999999996 0.33779999999999993 2.11
9.966000000000001 7.914000000000001 7.17 -0.4039999999999999 3.082 2.8159999999999994 0.41939999999999994 0.3564 2.617
9.93 7.9559999999999995 7.224 -0.6420000000000001 2.781 2.662 0.4416 0.32280000000000003 2.323
7.188000000000001 7.895999999999999 9.834 2.8020000000000005 2.9839999999999995 -0.5860000000000001 0.24779999999999996 0.3714 1.8010000000000002
7.1819999999999995 7.914000000000001 10.05 2.851 3.285 -0.516 0.2622 0.34079999999999994 2.824
10.032 7.938000000000001 7.23 -0.4670000000000001 3.194 2.8649999999999993 0.3996 0.3066 1.237
7.188000000000001 7.8839999999999995 10.032 3.306 2.956 -0.6280000000000001 0.273 0.3144 2.2569999999999997
9.882 7.914000000000001 7.188000000000001 -0.6280000000000001 2.7670000000000003 3.0469999999999997 0.3828 0.34979999999999994 2.491
9.822 7.968 7.1819999999999995 -0.30600000000000005 3.4600000000000004 2.781 0.3918 0.32880000000000004 2.809
9.942 7.938000000000001 7.23 -0.4810000000000001 3.1870000000000003 2.263 0.417 0.327 1.828
10.272 7.914000000000001 7.164000000000001 -0.502 3.264 2.8649999999999993 0.41339999999999993 0.303 2.395
7.2059999999999995 7.914000000000001 10.104 3.0329999999999995 3.25 -0.6629999999999998 0.25739999999999996 0.32880000000000004 2.872
10.104 7.8839999999999995 7.188000000000001 -0.44599999999999995 2.8719999999999994 2.8369999999999997 0.417 0.34619999999999995 1.6
10.020000000000001 7.92 7.1819999999999995 -0.6280000000000001 2.956 2.7530000000000006 0.3906 0.3534 2.242
10.181999999999999 7.914000000000001 7.164000000000001 -0.6069999999999998 2.9419999999999997 2.6970000000000005 0.39840000000000003 0.3624 2.26
10.2 7.938000000000001 7.200000000000001 -0.6280000000000001 3.124 3.3129999999999997 0.4392 0.33540000000000003 1.483
7.23 7.9319999999999995 10.008 2.7530000000000006 2.9909999999999997 -0.29200000000000004 0.26339999999999997 0.3006 3.541
9.894 7.902000000000001 7.188000000000001 -0.45300000000000007 2.8369999999999997 2.844 0.41579999999999995 0.3474 1.819
7.1579999999999995 7.9319999999999995 10.074 2.949 3.278 -0.7889999999999999 0.2532 0.3372 1.7109999999999999
10.008 7.92 7.212000000000001 -0.3340000000000001 2.963 2.8090000000000006 0.4266 0.315 2.743
9.996 7.902000000000001 7.212000000000001 -0.5720000000000001 3.026 2.6410000000000005 0.3888 0.33959999999999996 2.0170000000000003
7.1819999999999995 7.9079999999999995 9.966000000000001 2.6830000000000003 2.9699999999999998 -0.4950000000000001 0.2838 0.30419999999999997 2.917
7.1819999999999995 7.9079999999999995 10.032 2.5360000000000005 3.0469999999999997 -0.6980000000000002 0.2328 0.3696 1.987
7.236000000000001 7.878 9.936 2.893 2.9 -0.516 0.22799999999999998 0.35819999999999996 1.828
7.212000000000001 7.914000000000001 9.911999999999999 2.8159999999999994 3.082 -0.41100000000000003 0.2352 0.2748 1.993
7.176 7.926 9.834 2.6550000000000002 2.956 -0.5929999999999997 0.2424 0.3306 2.17
7.193999999999999 7.8839999999999995 9.804 2.5360000000000005 2.9909999999999997 -0.397 0.2286 0.33779999999999993 2.827
7.1579999999999995 7.926 9.882 2.7670000000000003 3.0889999999999995 -0.29900000000000015 0.303 0.3006 2.116
9.936 7.9079999999999995 7.17 -0.4810000000000001 3.061 2.389 0.378 0.3384 2.551
7.218 7.895999999999999 10.068000000000001 2.7390000000000003 3.061 -0.6420000000000001 0.2688 0.34559999999999996 2.5540000000000003
7.17 7.943999999999999 9.906 2.6340000000000003 3.327 -0.43900000000000006 0.2502 0.3342 1.999
9.864 7.895999999999999 7.218 -0.4670000000000001 3.1870000000000003 2.949 0.3942 0.34079999999999994 3.64
7.1819999999999995 7.890000000000001 10.11 2.9279999999999995 2.9769999999999994 -0.369 0.2388 0.3072 3.787
7.2059999999999995 7.9079999999999995 9.948 2.6340000000000003 3.005 -0.544 0.26339999999999997 0.312 2.2359999999999998
7.200000000000001 7.92 10.056 2.9909999999999997 3.1870000000000003 -0.544 0.2406 0.34379999999999994 2.239
10.074 7.914000000000001 7.193999999999999 -0.43900000000000006 2.9699999999999998 3.194 0.4056 0.3294 2.029
10.194 7.9319999999999995 7.200000000000001 -0.6209999999999998 3.2569999999999997 3.11 0.43079999999999996 0.33 2.461
7.176 7.9559999999999995 9.942 2.7670000000000003 3.194 -0.4670000000000001 0.2658 0.35879999999999995 3.745
7.17 7.8660000000000005 10.122 2.6410000000000005 3.236 -0.488 0.2958 0.318 1.888
9.996 7.895999999999999 7.2059999999999995 -0.544 3.285 2.8859999999999997 0.41459999999999997 0.3108 2.359
9.846 7.9319999999999995 7.188000000000001 -0.45300000000000007 2.9769999999999994 2.8649999999999993 0.4266 0.34079999999999994 2.4939999999999998
7.193999999999999 7.895999999999999 10.032 2.62 3.054 -0.516 0.24659999999999999 0.3372 3.502
10.248 7.938000000000001 7.176 -0.383 2.9979999999999998 3.0889999999999995 0.42539999999999994 0.3276 3.0250000000000004
10.086 7.950000000000001 7.152000000000001 -0.6000000000000001 2.9 2.8789999999999996 0.4632 0.3156 1.921
10.086 7.9079999999999995 7.242 -0.3619999999999999 2.851 2.7600000000000007 0.387 0.35519999999999996 2.2
7.2059999999999995 7.9319999999999995 10.008 2.7530000000000006 2.907 -0.558 0.26339999999999997 0.3834 2.437
7.193999999999999 7.890000000000001 9.924 2.893 3.054 -0.6280000000000001 0.2226 0.32880000000000004 1.6360000000000001
7.266 7.895999999999999 10.044 3.1449999999999996 2.9419999999999997 -0.558 0.24719999999999998 0.3306 2.914
10.146 7.926 7.212000000000001 -0.45300000000000007 3.166 2.676 0.4092 0.34199999999999997 2.185
7.2059999999999995 7.950000000000001 10.062000000000001 2.956 3.117 -0.6629999999999998 0.2622 0.3366 2.833
7.176 7.914000000000001 9.858 2.9839999999999995 3.2009999999999996 -0.4810000000000001 0.258 0.3096 2.56
7.236000000000001 7.92 9.858 2.6340000000000003 2.781 -0.5370000000000001 0.2682 0.324 3.1479999999999997
9.876000000000001 7.92 7.193999999999999 -0.3899999999999999 3.376 2.9979999999999998 0.3888 0.3366 3.0100000000000002
7.218 7.943999999999999 10.062000000000001 2.7390000000000003 2.9 -0.264 0.24659999999999999 0.3114 1.981
7.200000000000001 7.92 9.936 2.4939999999999998 3.215 -0.8309999999999998 0.2352 0.36119999999999997 2.209
7.236000000000001 7.938000000000001 10.074 3.173 3.0889999999999995 -0.397 0.2682 0.34859999999999997 1.903
7.2059999999999995 7.8839999999999995 9.978 2.62 3.25 -0.7400000000000002 0.273 0.3264 2.104
10.14 7.938000000000001 7.152000000000001 -0.502 3.1449999999999996 2.8020000000000005 0.402 0.3294 2.689
9.984 7.926 7.1579999999999995 -0.6980000000000002 2.9279999999999995 3.0889999999999995 0.4098 0.34199999999999997 2.863
7.176 7.9079999999999995 9.882 2.7950000000000004 3.061 -0.42500000000000004 0.2682 0.34919999999999995 2.731
7.2059999999999995 7.92 10.008 2.452 3.341 -0.5510000000000002 0.252 0.3168 2.788
10.092 7.92 7.2059999999999995 -0.6140000000000001 2.8719999999999994 2.781 0.42179999999999995 0.318 2.62
7.193999999999999 7.890000000000001 9.924 2.844 3.173 -0.6140000000000001 0.2298 0.3186 2.1550000000000002
7.1819999999999995 7.926 9.846 2.7390000000000003 3.1870000000000003 -0.45999999999999996 0.2274 0.3234 2.038
10.032 7.914000000000001 7.1819999999999995 -0.6280000000000001 3.0889999999999995 3.0399999999999996 0.4086 0.35579999999999995 2.0170000000000003
9.888 7.92 7.188000000000001 -0.43199999999999994 3.2990000000000004 2.725 0.4038 0.33779999999999993 2.719
7.1339999999999995 7.914000000000001 9.852 3.019 3.054 -0.474 0.25139999999999996 0.348 3.106
10.116000000000001 7.890000000000001 7.1819999999999995 -0.43199999999999994 3.124 2.8649999999999993 0.3906 0.3252 1.903
9.972000000000001 7.926 7.218 -0.5510000000000002 3.075 2.8020000000000005 0.41879999999999995 0.3504 1.975
10.014 7.926 7.17 -0.4670000000000001 3.054 2.844 0.4092 0.32280000000000003 2.341
10.116000000000001 7.92 7.193999999999999 -0.6420000000000001 3.173 2.8649999999999993 0.4236 0.28859999999999997 1.978
7.1339999999999995 7.914000000000001 9.768 2.8159999999999994 3.215 -0.6209999999999998 0.2724 0.303 2.224
10.11 7.895999999999999 7.212000000000001 -0.6560000000000001 3.11 2.613 0.426 0.34859999999999997 2.86
10.092 7.914000000000001 7.23 -0.44599999999999995 3.2430000000000003 3.1519999999999997 0.42119999999999996 0.32580000000000003 2.2359999999999998
7.200000000000001 7.9319999999999995 9.972000000000001 2.907 3.005 -0.558 0.261 0.3252 2.416
7.193999999999999 7.926 10.181999999999999 3.159 3.054 -0.3759999999999999 0.2556 0.3138 1.8459999999999999
10.098 7.938000000000001 7.1819999999999995 -0.32000000000000006 3.3129999999999997 2.662 0.41819999999999996 0.3018 2.0140000000000002
10.224 7.938000000000001 7.176 -0.3899999999999999 2.8299999999999996 2.459 0.42239999999999994 0.306 2.947
7.164000000000001 7.895999999999999 10.056 2.844 3.3129999999999997 -0.5929999999999997 0.294 0.303 1.912
7.2059999999999995 7.92 9.996 2.8859999999999997 2.9839999999999995 -0.474 0.24839999999999998 0.35159999999999997 2.098
7.164000000000001 7.890000000000001 10.086 2.543 3.194 -0.45999999999999996 0.28259999999999996 0.2844 2.185
7.193999999999999 7.92 10.002 2.718 2.718 -0.502 0.2556 0.3132 2.587
7.1579999999999995 7.895999999999999 9.864 2.466 3.117 -0.4039999999999999 0.24419999999999997 0.2988 2.4219999999999997
10.272 7.9559999999999995 7.212000000000001 -0.516 3.222 2.7390000000000003 0.372 0.3744 1.966
7.224 7.9319999999999995 9.834 2.6410000000000005 3.166 -0.6489999999999998 0.2034 0.3384 2.191
9.918 7.938000000000001 7.193999999999999 -0.397 2.9979999999999998 3.026 0.42719999999999997 0.32580000000000003 2.092
9.99 7.872 7.200000000000001 -0.31299999999999994 3.054 3.1449999999999996 0.3888 0.36779999999999996 2.335
7.2059999999999995 7.938000000000001 9.966000000000001 2.9769999999999994 3.1449999999999996 -0.32000000000000006 0.2358 0.32580000000000003 2.008
9.972000000000001 7.914000000000001 7.164000000000001 -0.53 3.1870000000000003 2.6900000000000004 0.40800000000000003 0.37679999999999997 2.425
7.2059999999999995 7.914000000000001 10.181999999999999 2.774 3.159 -0.6700000000000002 0.2694 0.3126 2.0709999999999997
7.176 7.950000000000001 9.918 2.515 2.9419999999999997 -0.8169999999999998 0.26339999999999997 0.2868 3.061
7.109999999999999 7.8839999999999995 9.978 2.6830000000000003 3.2009999999999996 -0.7260000000000002 0.2646 0.3048 2.497
7.200000000000001 7.895999999999999 10.14 3.32 3.2990000000000004 -0.6629999999999998 0.24899999999999997 0.3102 2.08
10.032 7.902000000000001 7.200000000000001 -0.5510000000000002 3.222 2.774 0.41639999999999994 0.288 3.007
10.014 7.895999999999999 7.242 -0.5370000000000001 2.8649999999999993 2.949 0.4098 0.3414 1.855
9.738 7.902000000000001 7.200000000000001 -0.2569999999999999 2.9349999999999996 2.676 0.3972 0.35279999999999995 1.921
7.176 7.962000000000001 9.936 2.9209999999999994 3.173 -0.544 0.2286 0.3096 2.632
9.936 7.8839999999999995 7.188000000000001 -0.558 3.159 2.774 0.44039999999999996 0.3186 1.903
7.193999999999999 7.9319999999999995 10.068000000000001 2.8859999999999997 3.054 -0.7329999999999999 0.24479999999999996 0.3168 1.771
7.152000000000001 7.938000000000001 10.002 2.9209999999999994 3.026 -0.5510000000000002 0.2352 0.35219999999999996 2.146
7.164000000000001 7.9079999999999995 9.846 2.8649999999999993 3.0959999999999996 -0.5929999999999997 0.2712 0.3186 2.218
7.200000000000001 7.902000000000001 10.17 3.005 2.9769999999999994 -0.5929999999999997 0.2586 0.3252 3.2560000000000002
7.188000000000001 7.950000000000001 9.93 2.8299999999999996 2.907 -0.516 0.2364 0.2988 2.218
10.122 7.895999999999999 7.164000000000001 -0.544 3.0329999999999995 2.732 0.438 0.3414 2.239
10.11 7.9079999999999995 7.236000000000001 -0.5370000000000001 2.9209999999999994 2.9139999999999997 0.363 0.3384 1.972
7.17 7.8839999999999995 9.906 2.6480000000000006 3.0399999999999996 -0.544 0.28619999999999995 0.3174 2.8689999999999998
10.176 7.914000000000001 7.236000000000001 -0.6840000000000002 3.194 2.676 0.3822 0.3276 2.02
9.954 7.890000000000001 7.212000000000001 -0.5370000000000001 2.8719999999999994 2.5360000000000005 0.3912 0.34079999999999994 2.998
10.098 7.8839999999999995 7.200000000000001 -0.6069999999999998 3.0959999999999996 2.6970000000000005 0.41519999999999996 0.28919999999999996 2.3920000000000003
7.193999999999999 7.926 9.858 2.963 3.0329999999999995 -0.558 0.2676 0.3162 2.089
10.074 7.950000000000001 7.224 -0.6140000000000001 2.9419999999999997 3.1449999999999996 0.41339999999999993 0.3192 2.776
10.032 7.902000000000001 7.1819999999999995 -0.3340000000000001 2.9419999999999997 3.0329999999999995 0.43019999999999997 0.29159999999999997 2.029
7.193999999999999 7.9079999999999995 10.14 3.019 2.8719999999999994 -0.383 0.2682 0.3204 2.458
10.014 7.914000000000001 7.200000000000001 -0.474 3.061 2.8369999999999997 0.4116 0.3504 2.41
7.224 7.902000000000001 10.020000000000001 2.7600000000000007 2.9769999999999994 -0.397 0.2688 0.3162 2.371
7.200000000000001 7.8839999999999995 9.954 2.8789999999999996 3.0399999999999996 -0.5090000000000001 0.25379999999999997 0.312 2.053
7.23 7.9799999999999995 10.128 2.571 3.138 -0.4039999999999999 0.2436 0.3168 2.698
10.002 7.926 7.1819999999999995 -0.502 3.019 2.9139999999999997 0.3972 0.369 1.96
7.164000000000001 7.9319999999999995 10.254 2.844 2.963 -0.34099999999999997 0.2586 0.3846 2.134
10.020000000000001 7.895999999999999 7.188000000000001 -0.7189999999999999 3.0469999999999997 3.166 0.43379999999999996 0.3096 2.695
7.176 7.8660000000000005 10.218 3.061 3.551 -0.6560000000000001 0.24 0.306 1.981
9.978 7.926 7.145999999999999 -0.4670000000000001 3.1519999999999997 2.8159999999999994 0.43079999999999996 0.3144 2.59
7.224 7.92 10.05 2.8859999999999997 3.082 -0.3899999999999999 0.288 0.318 2.926
9.954 7.9319999999999995 7.2059999999999995 -0.53 3.138 3.005 0.41579999999999995 0.3018 2.956
9.798 7.8660000000000005 7.1819999999999995 -0.6280000000000001 3.1449999999999996 3.222 0.41519999999999996 0.3294 3.088
9.984 7.9079999999999995 7.176 -0.4039999999999999 2.9349999999999996 2.501 0.3732 0.3444 1.657
10.2 7.9319999999999995 7.188000000000001 -0.29900000000000015 3.166 2.6480000000000006 0.4458 0.3294 1.6600000000000001
7.224 7.914000000000001 10.086 2.62 3.0399999999999996 -0.397 0.28259999999999996 0.2964 1.702
10.08 7.9559999999999995 7.176 -0.558 3.1310000000000002 2.9279999999999995 0.42239999999999994 0.30119999999999997 2.563
10.056 7.8839999999999995 7.1819999999999995 -0.6280000000000001 3.1029999999999998 2.7390000000000003 0.42479999999999996 0.3252 2.263
7.212000000000001 7.895999999999999 9.942 2.557 2.8020000000000005 -0.5860000000000001 0.21539999999999998 0.34979999999999994 2.5060000000000002
10.116000000000001 7.926 7.200000000000001 -0.43199999999999994 2.9139999999999997 2.963 0.3966 0.3252 2.05
10.218 7.902000000000001 7.193999999999999 -0.45999999999999996 3.0889999999999995 2.6410000000000005 0.39 0.35279999999999995 2.005
10.128 7.902000000000001 7.193999999999999 -0.43199999999999994 3.11 3.026 0.366 0.354 2.0709999999999997
10.212 7.878 7.236000000000001 -0.7189999999999999 2.949 2.7460000000000004 0.3936 0.33899999999999997 2.161
10.146 7.902000000000001 7.188000000000001 -0.6629999999999998 2.8859999999999997 2.3819999999999997 0.3918 0.34379999999999994 3.0789999999999997
7.200000000000001 7.92 9.9 2.9209999999999994 3.194 -0.5370000000000001 0.2622 0.29219999999999996 2.374
7.188000000000001 7.9319999999999995 9.924 2.8369999999999997 2.907 -0.397 0.24479999999999996 0.33 2.0949999999999998
9.882 7.926 7.188000000000001 -0.5720000000000001 3.2009999999999996 2.893 0.3846 0.3312 3.58
9.942 7.950000000000001 7.2059999999999995 -0.383 3.159 2.7600000000000007 0.3888 0.34199999999999997 1.924
7.23 7.9799999999999995 10.062000000000001 2.8719999999999994 3.0399999999999996 -0.383 0.2622 0.3132 1.8699999999999999
9.972000000000001 7.9079999999999995 7.1819999999999995 -0.369 3.124 2.9769999999999994 0.3894 0.3168 2.083
7.23 7.926 9.972000000000001 2.8299999999999996 3.2009999999999996 -0.5650000000000002 0.2676 0.2958 2.197
9.954 7.943999999999999 7.1819999999999995 -0.4670000000000001 3.138 2.9209999999999994 0.40740000000000004 0.34379999999999994 1.894
7.140000000000001 7.895999999999999 9.942 3.11 3.068 -0.7540000000000002 0.2412 0.36119999999999997 2.032
7.1579999999999995 7.926 9.864 2.7880000000000003 2.9769999999999994 -0.488 0.261 0.3066 1.981
10.283999999999999 7.962000000000001 7.1819999999999995 -0.5860000000000001 3.054 3.0399999999999996 0.43139999999999995 0.3084 2.0709999999999997
9.93 7.890000000000001 7.1819999999999995 -0.3270000000000002 3.271 3.2990000000000004 0.3882 0.3858 1.816
7.218 7.938000000000001 9.966000000000001 2.606 3.236 -0.4179999999999999 0.2406 0.3246 2.4699999999999998
10.008 7.926 7.212000000000001 -0.6280000000000001 3.138 2.8579999999999997 0.417 0.3372 2.149
7.176 7.902000000000001 9.93 2.844 3.236 -0.5090000000000001 0.2388 0.3138 3.358
7.200000000000001 7.878 10.056 2.5780000000000003 3.0469999999999997 -0.30600000000000005 0.279 0.3192 2.335
10.044 7.950000000000001 7.193999999999999 -0.41100000000000003 2.6410000000000005 2.718 0.3576 0.33899999999999997 1.8519999999999999
7.200000000000001 7.895999999999999 9.882 2.6830000000000003 2.781 -0.397 0.2316 0.31980000000000003 3.028
7.200000000000001 7.9079999999999995 10.08 3.25 3.1310000000000002 -0.27100000000000013 0.261 0.2964 1.633
7.224 7.914000000000001 9.786 2.676 2.9209999999999994 -0.6000000000000001 0.24479999999999996 0.3234 1.987
10.14 7.9319999999999995 7.140000000000001 -0.5510000000000002 2.893 3.1519999999999997 0.43439999999999995 0.3048 2.473
7.176 7.9319999999999995 9.822 2.7530000000000006 3.1449999999999996 -0.45300000000000007 0.2988 0.33 2.248
7.188000000000001 7.943999999999999 10.146 2.8789999999999996 2.956 -0.6209999999999998 0.2724 0.3204 2.419
10.032 7.92 7.193999999999999 -0.6420000000000001 3.138 2.6480000000000006 0.40740000000000004 0.3294 3.199
7.193999999999999 7.9319999999999995 10.032 3.1870000000000003 3.0959999999999996 -0.383 0.2526 0.35219999999999996 2.206
9.954 7.895999999999999 7.200000000000001 -0.45999999999999996 3.1029999999999998 2.291 0.42719999999999997 0.3 2.893
7.26 7.92 10.098 2.62 3.2990000000000004 -0.7680000000000002 0.28259999999999996 0.3156 2.161
7.176 7.914000000000001 10.038 2.9209999999999994 2.9 -0.7049999999999998 0.2316 0.33 1.831
9.93 7.9319999999999995 7.164000000000001 -0.53 3.019 2.893 0.4032 0.3564 1.933
9.978 7.902000000000001 7.1819999999999995 -0.5650000000000002 2.9839999999999995 2.599 0.4092 0.3186 3.0250000000000004
10.068000000000001 7.9079999999999995 7.1819999999999995 -0.4670000000000001 3.278 2.718 0.4038 0.33480000000000004 3.379
7.212000000000001 7.938000000000001 9.822 3.075 2.9139999999999997 -0.558 0.24599999999999997 0.3204 2.95
7.200000000000001 7.926 9.948 2.8719999999999994 2.9209999999999994 -0.4670000000000001 0.2676 0.3192 2.146
10.008 7.895999999999999 7.17 -0.5370000000000001 3.117 3.005 0.40800000000000003 0.35519999999999996 2.005
7.212000000000001 7.902000000000001 9.96 2.8159999999999994 3.166 -0.544 0.24659999999999999 0.33480000000000004 2.875
7.176 7.926 10.08 2.6340000000000003 3.3129999999999997 -0.516 0.2964 0.32280000000000003 2.032
9.942 7.9079999999999995 7.2059999999999995 -0.5929999999999997 3.2920000000000003 3.061 0.42539999999999994 0.33540000000000003 2.584
10.014 7.926 7.152000000000001 -0.5090000000000001 3.2569999999999997 2.8579999999999997 0.4008 0.3342 2.569
7.1579999999999995 7.9079999999999995 9.834 2.5220000000000002 3.0889999999999995 -0.4810000000000001 0.29219999999999996 0.3312 2.722
7.212000000000001 7.8839999999999995 9.804 2.9279999999999995 2.9769999999999994 -0.5929999999999997 0.2616 0.327 2.002
9.942 7.890000000000001 7.164000000000001 -0.45999999999999996 3.1449999999999996 2.732 0.414 0.294 3.988
10.020000000000001 7.92 7.1819999999999995 -0.488 2.8229999999999995 2.676 0.42779999999999996 0.3108 2.974
7.200000000000001 7.92 10.056 2.8789999999999996 3.0329999999999995 -0.41100000000000003 0.2388 0.3534 1.8699999999999999
7.200000000000001 7.926 9.966000000000001 2.7460000000000004 3.012 -0.5860000000000001 0.2244 0.34319999999999995 2.056
10.116000000000001 7.8839999999999995 7.193999999999999 -0.5090000000000001 3.334 2.732 0.4446 0.3084 2.38
9.96 7.895999999999999 7.152000000000001 -0.5860000000000001 3.054 2.7600000000000007 0.45299999999999996 0.3264 2.731
9.96 7.872 7.176 -0.6909999999999998 2.7460000000000004 2.8789999999999996 0.441 0.3018 2.866
9.888 7.902000000000001 7.224 -0.5230000000000001 3.0959999999999996 2.9 0.3972 0.33959999999999996 1.609
7.1819999999999995 7.9079999999999995 9.894 2.8579999999999997 3.264 -0.5720000000000001 0.2766 0.29519999999999996 1.891
10.098 7.914000000000001 7.218 -0.41100000000000003 2.963 3.32 0.4086 0.327 2.023
7.242 7.926 10.008 2.844 3.124 -0.5929999999999997 0.3018 0.2976 2.4219999999999997
7.164000000000001 7.938000000000001 10.074 2.9139999999999997 2.963 -0.383 0.26639999999999997 0.29519999999999996 2.431
7.2059999999999995 7.878 9.894 2.62 3.075 -0.6000000000000001 0.24599999999999997 0.2844 1.828
7.188000000000001 7.938000000000001 10.068000000000001 2.8789999999999996 2.9279999999999995 -0.5510000000000002 0.24719999999999998 0.33480000000000004 2.17
7.17 7.92 9.911999999999999 2.893 3.0329999999999995 -0.5789999999999997 0.2784 0.27 3.346
10.020000000000001 7.902000000000001 7.218 -0.7960000000000003 3.061 3.0329999999999995 0.3654 0.34079999999999994 2.464
10.056 7.8839999999999995 7.176 -0.53 3.2009999999999996 2.725 0.432 0.3102 2.011
7.224 7.890000000000001 10.128 2.606 2.8159999999999994 -0.558 0.2556 0.33480000000000004 2.6740000000000004
10.158 7.914000000000001 7.224 -0.3550000000000002 2.9839999999999995 2.8020000000000005 0.41339999999999993 0.35159999999999997 1.984
7.176 7.914000000000001 10.176 2.725 3.0959999999999996 -0.3480000000000001 0.2286 0.3066 1.8519999999999999
10.026 7.9079999999999995 7.17 -0.383 3.068 2.8649999999999993 0.3744 0.36179999999999995 2.14
7.1819999999999995 7.914000000000001 10.133999999999999 2.8579999999999997 2.8020000000000005 -0.5230000000000001 0.267 0.3162 2.278
10.044 7.878 7.218 -0.516 3.0469999999999997 2.7950000000000004 0.3906 0.33480000000000004 2.551
7.145999999999999 7.872 9.954 3.019 2.9349999999999996 -0.41100000000000003 0.2274 0.3756 2.545
10.056 7.950000000000001 7.242 -0.5720000000000001 2.844 2.613 0.4266 0.3072 2.872
7.200000000000001 7.8839999999999995 10.002 2.6270000000000002 3.2569999999999997 -0.3550000000000002 0.2772 0.34679999999999994 2.2359999999999998
10.128 7.92 7.1819999999999995 -0.9079999999999999 2.949 2.9419999999999997 0.4008 0.36419999999999997 2.887
7.17 7.943999999999999 10.092 2.9209999999999994 3.25 -0.7329999999999999 0.26639999999999997 0.2946 3.3850000000000002
7.236000000000001 7.914000000000001 10.098 2.844 3.075 -0.5090000000000001 0.2718 0.309 2.143
7.242 7.9319999999999995 9.815999999999999 3.012 3.25 -0.43900000000000006 0.24719999999999998 0.3384 2.5060000000000002
9.93 7.890000000000001 7.1579999999999995 -0.43199999999999994 3.18 2.851 0.3846 0.3684 1.867
7.212000000000001 7.895999999999999 9.96 3.18 2.9699999999999998 -0.5720000000000001 0.2712 0.2904 1.9
7.17 7.9079999999999995 9.954 2.9699999999999998 3.124 -0.5720000000000001 0.276 0.3114 2.458
7.176 7.926 10.020000000000001 2.599 2.9909999999999997 -0.6000000000000001 0.2646 0.327 1.849
7.212000000000001 7.926 9.984 3.2569999999999997 3.1449999999999996 -0.5789999999999997 0.2754 0.315 2.3200000000000003
9.996 7.914000000000001 7.188000000000001 -0.41100000000000003 3.0399999999999996 2.8789999999999996 0.41459999999999997 0.32580000000000003 3.205
7.224 7.9319999999999995 9.906 2.9699999999999998 3.278 -0.5650000000000002 0.258 0.36179999999999995 2.7039999999999997
7.164000000000001 7.926 9.936 3.0469999999999997 3.25 -0.6840000000000002 0.2712 0.32280000000000003 1.603
7.212000000000001 7.950000000000001 9.81 2.4240000000000004 3.278 -0.22199999999999998 0.2592 0.2964 2.275
10.056 7.92 7.212000000000001 -0.3759999999999999 2.8229999999999995 3.026 0.3852 0.34259999999999996 2.107
7.26 7.878 9.966000000000001 2.564 3.061 -0.558 0.2586 0.321 2.029
7.188000000000001 7.943999999999999 9.966000000000001 2.7880000000000003 3.012 -0.7120000000000002 0.252 0.34379999999999994 2.629
7.145999999999999 7.9079999999999995 10.11 2.8229999999999995 3.075 -0.7400000000000002 0.2706 0.3294 2.842
9.966000000000001 7.938000000000001 7.200000000000001 -0.6280000000000001 3.0469999999999997 2.7950000000000004 0.3882 0.33779999999999993 2.2569999999999997
10.104 7.9319999999999995 7.176 -0.6140000000000001 3.012 2.6410000000000005 0.42 0.33540000000000003 2.092
7.212000000000001 7.943999999999999 9.984 2.7670000000000003 3.2079999999999997 -0.4950000000000001 0.24719999999999998 0.35579999999999995 1.8639999999999999
7.1579999999999995 7.8839999999999995 9.918 2.9139999999999997 3.1310000000000002 -0.53 0.3078 0.30119999999999997 2.386
7.193999999999999 7.8839999999999995 10.014 2.7670000000000003 3.11 -0.32000000000000006 0.21719999999999998 0.34979999999999994 2.026
9.942 7.9559999999999995 7.188000000000001 -0.6629999999999998 2.893 2.9769999999999994 0.40440000000000004 0.33779999999999993 2.425
10.086 7.895999999999999 7.188000000000001 -0.34099999999999997 3.075 2.725 0.438 0.3006 1.717
7.23 7.92 9.972000000000001 2.718 3.026 -0.488 0.28859999999999997 0.33540000000000003 2.497
7.152000000000001 7.9559999999999995 10.05 2.7600000000000007 3.285 -0.516 0.2868 0.3282 2.419
9.911999999999999 7.92 7.212000000000001 -0.6560000000000001 3.1870000000000003 2.7040000000000006 0.4332 0.3036 2.317
7.212000000000001 7.962000000000001 9.894 2.7390000000000003 3.005 -0.41100000000000003 0.2424 0.33480000000000004 2.245
10.020000000000001 7.8660000000000005 7.1819999999999995 -0.6069999999999998 2.9 2.9349999999999996 0.4482 0.318 2.743
7.200000000000001 7.92 10.17 2.9349999999999996 3.3970000000000002 -0.5230000000000001 0.2868 0.3234 2.371
7.176 7.92 9.978 2.62 3.3550000000000004 -0.6349999999999998 0.2346 0.3006 1.8250000000000002
7.2540000000000004 7.9079999999999995 9.876000000000001 2.963 3.2079999999999997 -0.44599999999999995 0.26339999999999997 0.2934 2.185
7.200000000000001 7.895999999999999 10.020000000000001 2.8859999999999997 3.082 -0.6560000000000001 0.2412 0.3102 2.323
7.1819999999999995 7.938000000000001 9.972000000000001 2.8020000000000005 3.0399999999999996 -0.5860000000000001 0.20759999999999998 0.3336 3.187
7.224 7.854000000000001 9.996 2.949 3.194 -0.3340000000000001 0.24779999999999996 0.36719999999999997 2.584
9.822 7.926 7.164000000000001 -0.5860000000000001 3.061 2.844 0.3936 0.34979999999999994 2.173
7.188000000000001 7.926 9.936 3.11 2.9349999999999996 -0.5230000000000001 0.24419999999999997 0.3132 2.524
7.17 7.926 10.05 2.9419999999999997 3.159 -0.2430000000000001 0.3 0.2946 2.6500000000000004
7.218 7.943999999999999 10.158 3.166 3.159 -0.6769999999999998 0.2718 0.3372 1.993
7.188000000000001 7.92 9.996 2.781 3.054 -0.5929999999999997 0.2556 0.3366 2.0949999999999998
7.193999999999999 7.895999999999999 9.984 3.376 3.1449999999999996 -0.6629999999999998 0.2688 0.29519999999999996 2.764
10.17 7.890000000000001 7.17 -0.5789999999999997 2.963 2.7390000000000003 0.40740000000000004 0.34259999999999996 2.17
7.1819999999999995 7.902000000000001 10.181999999999999 2.9699999999999998 2.907 -0.41100000000000003 0.2778 0.333 2.59
7.218 7.9559999999999995 10.122 2.5780000000000003 3.229 -0.369 0.2382 0.3714 1.8010000000000002
7.218 7.9319999999999995 9.774000000000001 2.8020000000000005 3.075 -0.45300000000000007 0.22019999999999998 0.3126 2.461
7.152000000000001 7.9319999999999995 9.81 2.9 3.0889999999999995 -0.43199999999999994 0.24180000000000001 0.3192 2.134
7.212000000000001 7.950000000000001 9.738 2.949 2.8020000000000005 -0.5090000000000001 0.237 0.3294 3.163
7.224 7.92 9.942 2.7600000000000007 2.8229999999999995 -0.516 0.24180000000000001 0.3168 2.116
7.218 7.938000000000001 9.99 2.5220000000000002 2.9769999999999994 -0.5230000000000001 0.285 0.3192 2.0170000000000003
9.9 7.926 7.200000000000001 -0.6069999999999998 3.2009999999999996 2.8719999999999994 0.43019999999999997 0.303 2.35
7.218 7.943999999999999 9.924 2.7460000000000004 3.2079999999999997 -0.474 0.2622 0.3048 2.638
9.69 7.926 7.218 -0.3899999999999999 3.1870000000000003 2.7390000000000003 0.3942 0.34079999999999994 1.939
7.2059999999999995 7.938000000000001 10.074 3.1449999999999996 3.068 -0.7260000000000002 0.255 0.3312 2.6919999999999997
7.224 7.902000000000001 9.93 3.1449999999999996 3.194 -0.42500000000000004 0.267 0.348 2.3440000000000003
9.846 7.878 7.224 -0.6349999999999998 3.075 3.2990000000000004 0.42419999999999997 0.309 2.212
7.224 7.8839999999999995 10.032 3.138 3.0469999999999997 -0.516 0.24539999999999998 0.3276 2.161
7.164000000000001 7.902000000000001 9.99 2.8090000000000006 2.9699999999999998 -0.3550000000000002 0.2256 0.3414 1.744
7.236000000000001 7.926 10.068000000000001 2.9769999999999994 2.9909999999999997 -0.7189999999999999 0.2646 0.3126 2.2809999999999997
10.116000000000001 7.9079999999999995 7.1819999999999995 -0.4039999999999999 3.173 2.9839999999999995 0.41519999999999996 0.309 2.4219999999999997
7.164000000000001 7.878 9.996 2.9909999999999997 2.9419999999999997 -0.4179999999999999 0.2802 0.324 2.398
9.99 7.895999999999999 7.193999999999999 -0.6769999999999998 3.0399999999999996 2.8090000000000006 0.43079999999999996 0.3336 2.497
10.044 7.926 7.176 -0.43900000000000006 2.963 3.1449999999999996 0.4206 0.3306 2.245
10.218 7.878 7.176 -0.29200000000000004 3.11 2.6900000000000004 0.3744 0.354 1.6960000000000002
10.002 7.950000000000001 7.193999999999999 -0.4950000000000001 3.222 2.557 0.3864 0.36179999999999995 2.914
7.1819999999999995 7.926 10.044 3.0889999999999995 3.117 -0.4810000000000001 0.24479999999999996 0.372 2.044
7.1819999999999995 7.938000000000001 10.128 2.249 3.1029999999999998 -0.45300000000000007 0.26039999999999996 0.3594 1.7530000000000001
7.218 7.9319999999999995 9.858 3.012 3.0959999999999996 -0.6489999999999998 0.2304 0.33240000000000003 3.166
7.193999999999999 7.9079999999999995 10.002 2.9 2.956 -0.3480000000000001 0.2322 0.35519999999999996 2.092
7.23 7.92 9.870000000000001 2.452 3.173 -0.8239999999999998 0.22139999999999999 0.35219999999999996 1.609
9.984 7.9319999999999995 7.176 -0.6209999999999998 3.2920000000000003 2.7670000000000003 0.4026 0.3264 2.572
7.224 7.8839999999999995 10.122 2.7880000000000003 3.166 -0.5510000000000002 0.2556 0.363 1.927
9.93 7.8839999999999995 7.164000000000001 -0.6909999999999998 3.215 2.7110000000000003 0.39 0.312 1.795
7.17 7.943999999999999 9.828 2.7670000000000003 2.9139999999999997 -0.502 0.219 0.3282 2.437
9.996 7.8420000000000005 7.2059999999999995 -0.488 3.159 2.508 0.366 0.36 2.2569999999999997
10.05 7.92 7.1819999999999995 -0.488 3.376 3.159 0.402 0.3414 2.278
10.05 7.8839999999999995 7.272 -0.6000000000000001 3.1310000000000002 3.117 0.4206 0.324 2.38
7.2059999999999995 7.92 9.948 3.173 3.11 -0.502 0.2766 0.32580000000000003 2.551
10.056 7.9079999999999995 7.193999999999999 -0.43900000000000006 3.1310000000000002 3.026 0.4098 0.34379999999999994 2.4939999999999998
7.2059999999999995 7.92 10.020000000000001 2.893 3.222 -0.42500000000000004 0.2502 0.309 3.037
10.05 7.895999999999999 7.193999999999999 -0.3340000000000001 3.026 3.11 0.396 0.3186 1.663
10.116000000000001 7.9319999999999995 7.212000000000001 -0.516 3.0399999999999996 2.956 0.4026 0.348 2.5060000000000002
7.2059999999999995 7.9079999999999995 9.906 2.781 3.25 -0.42500000000000004 0.25139999999999996 0.33240000000000003 2.224
9.972000000000001 7.950000000000001 7.164000000000001 -0.4039999999999999 3.1449999999999996 2.7460000000000004 0.3726 0.34979999999999994 2.431
7.1819999999999995 7.895999999999999 10.122 2.7880000000000003 3.3129999999999997 -0.502 0.2616 0.3264 1.882
7.193999999999999 7.902000000000001 9.894 2.7390000000000003 3.166 -0.6769999999999998 0.25079999999999997 0.34199999999999997 2.143
10.05 7.878 7.188000000000001 -0.5510000000000002 3.005 2.5290000000000004 0.41459999999999997 0.35519999999999996 1.849
10.074 7.926 7.200000000000001 -0.45999999999999996 3.1449999999999996 2.613 0.426 0.3108 2.524
10.026 7.950000000000001 7.23 -0.3340000000000001 3.2569999999999997 2.7530000000000006 0.41279999999999994 0.34919999999999995 2.194
10.05 7.890000000000001 7.224 -0.502 3.117 2.8020000000000005 0.432 0.3156 2.278
7.145999999999999 7.902000000000001 10.032 2.662 2.893 -0.7609999999999999 0.237 0.3636 2.677
10.218 7.902000000000001 7.1819999999999995 -0.3550000000000002 3.334 2.7880000000000003 0.3906 0.354 1.774
7.212000000000001 7.902000000000001 10.224 2.5290000000000004 3.068 -0.53 0.25739999999999996 0.29519999999999996 2.317
9.936 7.9079999999999995 7.236000000000001 -0.544 3.117 2.9839999999999995 0.42239999999999994 0.3372 1.654
7.1819999999999995 7.92 9.978 2.893 2.949 -0.6769999999999998 0.2658 0.3108 2.134
9.84 7.8839999999999995 7.193999999999999 -0.6000000000000001 3.061 2.571 0.4068 0.3576 1.978
7.193999999999999 7.9319999999999995 10.229999999999999 2.9769999999999994 2.851 -0.5860000000000001 0.3 0.29819999999999997 2.641
9.768 7.872 7.2059999999999995 -0.6420000000000001 3.0469999999999997 2.844 0.41459999999999997 0.327 2.191
9.948 7.8839999999999995 7.1819999999999995 -0.4670000000000001 2.893 2.725 0.399 0.35519999999999996 2.263
10.116000000000001 7.902000000000001 7.224 -0.6349999999999998 2.9 3.068 0.36719999999999997 0.33180000000000004 2.848
7.1579999999999995 7.92 9.978 3.061 3.061 -0.6629999999999998 0.24539999999999998 0.351 1.63
10.122 7.914000000000001 7.140000000000001 -0.502 2.9349999999999996 2.9839999999999995 0.402 0.32580000000000003 3.1239999999999997
7.242 7.9079999999999995 9.978 2.5780000000000003 3.194 -0.6489999999999998 0.267 0.2994 3.145
10.128 7.9319999999999995 7.218 -0.6349999999999998 3.138 2.949 0.41459999999999997 0.3162 2.518
7.212000000000001 7.950000000000001 10.164 2.9769999999999994 3.159 -0.41100000000000003 0.28259999999999996 0.345 1.543
7.200000000000001 7.92 9.93 3.0399999999999996 2.9139999999999997 -0.6209999999999998 0.258 0.324 3.2199999999999998
9.815999999999999 7.926 7.145999999999999 -0.474 3.1310000000000002 2.6270000000000002 0.3804 0.345 2.083
10.068000000000001 7.895999999999999 7.242 -0.30600000000000005 3.0469999999999997 2.8229999999999995 0.42779999999999996 0.3174 2.59
10.032 7.926 7.224 -0.4179999999999999 3.236 2.9209999999999994 0.3924 0.3342 2.482
9.96 7.8839999999999995 7.224 -0.3480000000000001 3.124 2.4730000000000003 0.4002 0.35879999999999995 2.767
9.996 7.890000000000001 7.1579999999999995 -0.558 2.7950000000000004 2.8579999999999997 0.40740000000000004 0.2964 2.6470000000000002
10.05 7.962000000000001 7.212000000000001 -0.488 2.8579999999999997 3.026 0.3978 0.34259999999999996 2.395
9.972000000000001 7.872 7.218 -0.474 3.1449999999999996 2.403 0.432 0.3096 2.074
7.188000000000001 7.9559999999999995 9.966000000000001 2.7110000000000003 3.11 -0.6840000000000002 0.2646 0.34979999999999994 2.17
7.224 7.895999999999999 9.924 2.8579999999999997 3.068 -0.516 0.2532 0.333 1.951
10.062000000000001 7.938000000000001 7.176 -0.544 3.32 2.9209999999999994 0.39840000000000003 0.351 2.833
10.032 7.92 7.23 -0.6140000000000001 3.236 2.851 0.42779999999999996 0.2988 2.824
7.1579999999999995 7.926 10.092 2.8090000000000006 3.0959999999999996 -0.7609999999999999 0.2412 0.321 1.741
9.96 7.9319999999999995 7.188000000000001 -0.5929999999999997 2.8859999999999997 3.068 0.41459999999999997 0.37979999999999997 1.774
7.188000000000001 7.895999999999999 9.954 2.8159999999999994 3.0959999999999996 -0.558 0.2652 0.34859999999999997 2.356
7.188000000000001 7.943999999999999 10.092 2.9209999999999994 3.236 -0.516 0.25379999999999997 0.32880000000000004 2.041
7.2059999999999995 7.902000000000001 9.984 2.7040000000000006 3.1870000000000003 -0.4670000000000001 0.2964 0.306 2.6830000000000003
9.972000000000001 7.926 7.200000000000001 -0.34099999999999997 2.9 2.669 0.3876 0.3894 2.758
7.193999999999999 7.938000000000001 9.882 2.9769999999999994 3.229 -0.383 0.2406 0.321 2.317
9.84 7.890000000000001 7.164000000000001 -0.4179999999999999 3.124 2.7950000000000004 0.43139999999999995 0.3114 1.756
10.008 7.914000000000001 7.1819999999999995 -0.544 3.285 2.4800000000000004 0.405 0.3474 3.31
7.193999999999999 7.9079999999999995 9.996 3.2009999999999996 3.236 -0.6909999999999998 0.2406 0.34379999999999994 2.5060000000000002
7.164000000000001 7.895999999999999 10.062000000000001 2.7530000000000006 3.18 -0.6420000000000001 0.2592 0.34319999999999995 2.6020000000000003
7.212000000000001 7.938000000000001 9.822 2.718 3.068 -0.5650000000000002 0.30419999999999997 0.294 2.2569999999999997
7.176 7.9559999999999995 10.062000000000001 2.725 3.306 -0.30600000000000005 0.2526 0.34379999999999994 2.4459999999999997
10.218 7.9079999999999995 7.212000000000001 -0.397 3.0889999999999995 2.7460000000000004 0.39540000000000003 0.3702 2.044
10.008 7.895999999999999 7.200000000000001 -0.41100000000000003 3.236 2.7880000000000003 0.41279999999999994 0.3138 3.0010000000000003
7.188000000000001 7.9079999999999995 9.972000000000001 3.005 2.9419999999999997 -0.5789999999999997 0.2622 0.3312 1.975
10.026 7.9559999999999995 7.1819999999999995 -0.6349999999999998 3.229 2.6410000000000005 0.4266 0.315 2.785
9.972000000000001 7.926 7.193999999999999 -0.53 3.264 3.2009999999999996 0.3924 0.33779999999999993 1.945
7.193999999999999 7.962000000000001 10.020000000000001 2.6830000000000003 2.9279999999999995 -0.43199999999999994 0.23399999999999999 0.3216 2.4939999999999998
7.17 7.859999999999999 9.99 2.949 2.9349999999999996 -0.4039999999999999 0.24599999999999997 0.33480000000000004 1.924
7.164000000000001 7.890000000000001 10.026 2.8719999999999994 3.124 -0.5230000000000001 0.2598 0.34859999999999997 1.873
7.193999999999999 7.92 10.17 2.6900000000000004 2.8299999999999996 -0.42500000000000004 0.2748 0.2994 2.35
7.1819999999999995 7.92 9.972000000000001 2.8229999999999995 2.718 -0.7329999999999999 0.243 0.333 1.918
7.212000000000001 7.92 9.846 2.7110000000000003 3.166 -0.5929999999999997 0.2322 0.3342 2.026
7.188000000000001 7.859999999999999 9.828 3.0959999999999996 3.222 -0.41100000000000003 0.2844 0.33899999999999997 2.572
7.1819999999999995 7.895999999999999 9.978 2.6900000000000004 2.9419999999999997 -0.5720000000000001 0.2292 0.28259999999999996 1.681
7.176 7.974 10.014 2.662 3.068 -0.41100000000000003 0.2652 0.3366 2.524
10.038 7.895999999999999 7.188000000000001 -0.488 3.236 2.6900000000000004 0.4086 0.2994 2.275
7.140000000000001 7.92 10.272 2.7880000000000003 3.18 -0.6209999999999998 0.2598 0.33540000000000003 3.0100000000000002
7.224 7.9079999999999995 9.96 2.5780000000000003 3.2079999999999997 -0.5789999999999997 0.26639999999999997 0.33779999999999993 2.71
9.984 7.9079999999999995 7.17 -0.4039999999999999 2.9 2.6340000000000003 0.3864 0.327 2.488
7.176 7.890000000000001 10.08 2.8369999999999997 3.012 -0.3480000000000001 0.2688 0.3144 3.13
7.188000000000001 7.9079999999999995 10.05 2.8229999999999995 2.949 -0.7469999999999999 0.243 0.2988 2.458
9.99 7.902000000000001 7.218 -0.4810000000000001 2.9699999999999998 2.774 0.41040000000000004 0.3978 2.377
10.056 7.92 7.164000000000001 -0.3619999999999999 2.9349999999999996 2.669 0.41100000000000003 0.294 2.182
10.026 7.902000000000001 7.188000000000001 -0.488 3.278 2.907 0.39840000000000003 0.3306 2.038
7.152000000000001 7.92 9.948 3.138 3.159 -0.488 0.252 0.3216 2.581
10.098 7.9319999999999995 7.212000000000001 -0.41100000000000003 3.0959999999999996 2.8299999999999996 0.42539999999999994 0.3444 2.596
7.2059999999999995 7.9319999999999995 9.906 2.956 3.124 -0.7120000000000002 0.2394 0.34619999999999995 1.363
7.218 7.950000000000001 10.098 3.11 3.1310000000000002 -0.6420000000000001 0.2412 0.29819999999999997 2.455
7.17 7.9319999999999995 10.020000000000001 3.25 3.4530000000000003 -0.558 0.252 0.28859999999999997 2.128
7.1819999999999995 7.938000000000001 9.894 2.7530000000000006 3.2079999999999997 -0.2569999999999999 0.2436 0.3144 1.954
7.212000000000001 7.968 9.894 2.9 3.285 -0.7120000000000002 0.2412 0.34259999999999996 2.005
7.1819999999999995 7.938000000000001 9.918 2.781 3.18 -0.53 0.2766 0.3138 2.395
9.738 7.92 7.17 -0.6069999999999998 3.117 3.117 0.42539999999999994 0.3252 1.798
10.104 7.878 7.164000000000001 -0.6629999999999998 3.054 3.012 0.4026 0.3276 3.757
10.05 7.914000000000001 7.212000000000001 -0.502 2.8789999999999996 2.571 0.4542 0.3102 2.521
10.032 7.914000000000001 7.145999999999999 -0.502 3.159 2.8859999999999997 0.41040000000000004 0.3072 2.569
7.23 7.914000000000001 9.828 2.9419999999999997 2.8859999999999997 -0.6140000000000001 0.2772 0.33899999999999997 1.99
7.193999999999999 7.9319999999999995 9.93 2.6550000000000002 3.222 -0.7749999999999999 0.2688 0.3132 2.92
7.1819999999999995 7.92 9.822 2.6550000000000002 3.18 -0.6489999999999998 0.2802 0.336 2.029
10.086 7.938000000000001 7.164000000000001 -0.6000000000000001 2.8299999999999996 2.9139999999999997 0.3876 0.32580000000000003 2.524
10.128 7.895999999999999 7.200000000000001 -0.45999999999999996 3.0959999999999996 2.8159999999999994 0.3996 0.3762 2.092
9.942 7.890000000000001 7.212000000000001 -0.4810000000000001 3.4040000000000004 2.7390000000000003 0.441 0.3372 2.866
7.152000000000001 7.92 9.972000000000001 2.5220000000000002 3.11 -0.53 0.285 0.3156 1.8130000000000002
7.224 7.92 10.164 3.1519999999999997 2.8090000000000006 -0.6209999999999998 0.2424 0.276 2.482
10.164 7.926 7.23 -0.6280000000000001 3.229 2.5780000000000003 0.42179999999999995 0.28919999999999996 2.347
7.152000000000001 7.950000000000001 10.116000000000001 3.3550000000000004 2.844 -0.6629999999999998 0.24479999999999996 0.3072 2.59
7.224 7.92 9.906 2.676 2.9979999999999998 -0.5720000000000001 0.279 0.3156 2.362
7.224 7.902000000000001 9.911999999999999 2.515 3.2009999999999996 -0.369 0.2622 0.35459999999999997 2.293
7.17 7.938000000000001 9.732 2.907 3.005 -0.6420000000000001 0.24779999999999996 0.3342 2.476
7.188000000000001 7.92 9.978 2.6410000000000005 2.956 -0.7120000000000002 0.2688 0.34019999999999995 2.6350000000000002
10.062000000000001 7.914000000000001 7.164000000000001 -0.44599999999999995 3.166 2.8020000000000005 0.429 0.3054 2.362
10.062000000000001 7.895999999999999 7.224 -0.5090000000000001 3.082 2.9839999999999995 0.41279999999999994 0.35819999999999996 2.2720000000000002
7.23 7.938000000000001 10.133999999999999 3.075 3.229 -0.383 0.22499999999999998 0.3504 2.3440000000000003
7.188000000000001 7.943999999999999 9.828 3.11 3.005 -0.4670000000000001 0.2928 0.3096 2.665
7.176 7.902000000000001 9.870000000000001 3.026 3.2009999999999996 -0.6980000000000002 0.24659999999999999 0.2898 2.188
7.176 7.902000000000001 10.05 2.5290000000000004 3.278 -0.53 0.24659999999999999 0.3234 2.563
7.1819999999999995 7.878 9.84 2.8719999999999994 2.9699999999999998 -0.5789999999999997 0.2556 0.31980000000000003 1.981
7.218 7.8839999999999995 10.164 3.0329999999999995 3.166 -0.488 0.26039999999999996 0.3024 2.083
7.17 7.968 9.815999999999999 2.6480000000000006 3.264 -0.383 0.25379999999999997 0.33240000000000003 2.932
10.05 7.9079999999999995 7.176 -0.44599999999999995 3.18 2.732 0.43739999999999996 0.3048 1.8699999999999999
10.086 7.926 7.193999999999999 -0.3759999999999999 3.11 2.466 0.3906 0.3282 2.38
10.026 7.895999999999999 7.193999999999999 -0.4810000000000001 2.949 2.9209999999999994 0.4062 0.3366 2.083
7.2059999999999995 7.926 10.146 2.844 3.194 -0.32000000000000006 0.2628 0.2868 2.815
9.870000000000001 7.914000000000001 7.164000000000001 -0.6840000000000002 3.005 2.9419999999999997 0.40440000000000004 0.3156 2.584
7.224 7.950000000000001 9.93 2.7390000000000003 3.054 -0.4179999999999999 0.2988 0.3066 2.443
7.122 7.950000000000001 10.038 2.501 3.271 -0.5650000000000002 0.2586 0.315 1.756
7.176 7.890000000000001 9.948 2.7670000000000003 3.222 -0.5090000000000001 0.2304 0.384 3.193
10.008 7.914000000000001 7.176 -0.4670000000000001 3.0889999999999995 2.5850000000000004 0.43019999999999997 0.3252 3.0789999999999997
9.984 7.9079999999999995 7.145999999999999 -0.45300000000000007 2.9839999999999995 3.019 0.42239999999999994 0.34619999999999995 2.02
10.068000000000001 7.914000000000001 7.17 -0.6280000000000001 3.075 2.7530000000000006 0.4008 0.36119999999999997 3.325
7.188000000000001 7.902000000000001 10.062000000000001 2.725 2.6830000000000003 -0.6349999999999998 0.2532 0.2844 2.2030000000000003
9.852 7.9319999999999995 7.23 -0.6420000000000001 3.1029999999999998 2.571 0.3864 0.3306 3.412
10.098 7.902000000000001 7.188000000000001 -0.6909999999999998 2.8649999999999993 3.138 0.3864 0.35159999999999997 1.8639999999999999
9.780000000000001 7.938000000000001 7.1819999999999995 -0.488 3.194 3.082 0.40140000000000003 0.36779999999999996 1.948
7.1579999999999995 7.9319999999999995 9.804 2.606 2.8789999999999996 -0.7400000000000002 0.24839999999999998 0.3684 3.514
7.242 7.926 9.93 2.515 2.9209999999999994 -0.6700000000000002 0.28259999999999996 0.2874 2.026
7.200000000000001 7.938000000000001 10.044 3.0469999999999997 3.075 -0.6629999999999998 0.2628 0.2874 2.086
10.038 7.938000000000001 7.218 -0.34099999999999997 2.8719999999999994 2.963 0.354 0.3564 2.224
10.05 7.914000000000001 7.164000000000001 -0.5650000000000002 2.949 2.9419999999999997 0.42 0.33959999999999996 1.819
9.894 7.914000000000001 7.236000000000001 -0.7049999999999998 3.2569999999999997 2.662 0.39540000000000003 0.29219999999999996 1.987
9.894 7.890000000000001 7.176 -0.544 2.9699999999999998 3.0399999999999996 0.4116 0.3444 1.996
9.936 7.9079999999999995 7.193999999999999 -0.6140000000000001 2.8719999999999994 2.662 0.423 0.3102 2.1550000000000002
7.152000000000001 7.943999999999999 10.206 2.732 3.1519999999999997 -0.6560000000000001 0.22139999999999999 0.35819999999999996 1.966
7.193999999999999 7.926 9.81 3.124 2.9839999999999995 -0.6280000000000001 0.2802 0.3084 2.158
9.911999999999999 7.902000000000001 7.212000000000001 -0.6629999999999998 3.138 2.4800000000000004 0.4356 0.3018 2.311
