7.176 7.890000000000001 9.882 2.8789999999999996 2.9209999999999994 -0.544 0.22319999999999998 0.32580000000000003 2.656
7.926 7.176 9.96 3.32 2.893 -0.544 0.29819999999999997 0.2658 3.145
10.032 7.145999999999999 7.895999999999999 -0.5090000000000001 2.9209999999999994 2.9699999999999998 0.4092 0.2628 3.181
7.188000000000001 7.914000000000001 10.032 3.3970000000000002 2.9699999999999998 -0.5929999999999997 0.24599999999999997 0.33540000000000003 3.0340000000000003
7.9079999999999995 7.23 9.948 3.0399999999999996 2.662 -0.43900000000000006 0.3174 0.2622 2.3680000000000003
7.926 7.242 9.936 3.117 2.9839999999999995 -0.45300000000000007 0.3168 0.261 3.094
7.950000000000001 7.193999999999999 9.972000000000001 3.278 2.5290000000000004 -0.7400000000000002 0.33240000000000003 0.28319999999999995 2.5300000000000002
7.968 7.212000000000001 10.092 2.9769999999999994 2.5220000000000002 -0.5789999999999997 0.30419999999999997 0.2724 2.3289999999999997
7.17 7.914000000000001 9.984 3.1870000000000003 2.8369999999999997 -0.544 0.24779999999999996 0.34079999999999994 2.401
7.1579999999999995 7.9319999999999995 10.002 2.9699999999999998 3.3970000000000002 -0.6840000000000002 0.2844 0.33180000000000004 2.521
10.002 7.188000000000001 7.943999999999999 -0.3480000000000001 2.7670000000000003 3.362 0.44039999999999996 0.24479999999999996 2.44
7.914000000000001 7.2540000000000004 10.038 3.11 3.1870000000000003 -0.6280000000000001 0.3366 0.282 3.13
7.248000000000001 7.926 9.948 2.6900000000000004 3.1029999999999998 -0.6069999999999998 0.2694 0.291 2.86
7.943999999999999 7.248000000000001 10.008 2.9279999999999995 2.403 -0.474 0.3036 0.29219999999999996 2.239
10.098 7.176 7.9319999999999995 -0.42500000000000004 3.271 2.8649999999999993 0.43379999999999996 0.24779999999999996 2.314
7.9319999999999995 7.193999999999999 10.133999999999999 2.9419999999999997 2.9839999999999995 -0.29900000000000015 0.36119999999999997 0.252 2.044
7.914000000000001 9.852 7.23 2.8649999999999993 -0.6349999999999998 2.8579999999999997 0.3162 0.42239999999999994 2.374
7.914000000000001 10.104 7.188000000000001 2.7950000000000004 -0.5720000000000001 3.026 0.30419999999999997 0.378 2.761
7.950000000000001 7.224 10.020000000000001 3.0889999999999995 2.4800000000000004 -0.5230000000000001 0.3234 0.2598 2.164
10.032 7.193999999999999 7.938000000000001 -0.516 2.949 2.9839999999999995 0.41279999999999994 0.2388 2.122
10.08 7.1339999999999995 7.895999999999999 -0.7049999999999998 3.3970000000000002 3.1310000000000002 0.4482 0.2394 2.587
7.236000000000001 7.92 9.948 2.9139999999999997 3.1870000000000003 -0.53 0.2706 0.309 2.644
7.938000000000001 10.314 7.164000000000001 3.11 -0.474 2.6970000000000005 0.2724 0.4452 2.59
7.9079999999999995 10.002 7.193999999999999 3.117 -0.6700000000000002 2.5850000000000004 0.3702 0.42119999999999996 1.795
7.926 7.218 10.044 3.5790000000000006 2.389 -0.488 0.285 0.29819999999999997 1.888
9.876000000000001 7.193999999999999 7.92 -0.53 3.236 2.893 0.39540000000000003 0.24479999999999996 1.963
7.914000000000001 9.996 7.2059999999999995 3.222 -0.4039999999999999 2.4240000000000004 0.3162 0.423 2.983
7.23 7.950000000000001 10.008 2.8369999999999997 3.124 -0.6629999999999998 0.2394 0.3564 2.251
7.938000000000001 7.212000000000001 10.152 3.173 2.781 -0.5230000000000001 0.297 0.3096 2.266
7.926 7.224 9.96 2.8579999999999997 2.851 -0.7469999999999999 0.28859999999999997 0.2802 1.822
7.890000000000001 9.942 7.200000000000001 2.956 -0.6769999999999998 3.124 0.3072 0.41759999999999997 2.416
7.902000000000001 9.996 7.193999999999999 3.194 -0.5929999999999997 2.9909999999999997 0.3372 0.3906 2.215
7.926 9.936 7.242 3.173 -0.4950000000000001 3.068 0.3006 0.43019999999999997 2.713
7.895999999999999 9.684000000000001 7.218 3.285 -0.7540000000000002 2.851 0.318 0.4626 2.599
9.996 7.176 7.9319999999999995 -0.45999999999999996 2.9909999999999997 3.3480000000000003 0.4038 0.2424 2.743
7.9079999999999995 7.128 10.116000000000001 3.327 2.515 -0.5789999999999997 0.2934 0.2646 2.212
10.014 7.1819999999999995 7.914000000000001 -0.5650000000000002 2.851 2.8090000000000006 0.41279999999999994 0.26339999999999997 2.104
7.176 7.878 9.984 3.0329999999999995 3.2079999999999997 -0.6280000000000001 0.2148 0.33779999999999993 1.876
9.948 7.23 7.943999999999999 -0.5789999999999997 2.7040000000000006 3.2920000000000003 0.41879999999999995 0.2766 3.112
7.895999999999999 9.942 7.1819999999999995 3.1519999999999997 -0.5650000000000002 3.334 0.303 0.4266 3.037
7.9079999999999995 10.020000000000001 7.1819999999999995 3.2990000000000004 -0.397 2.8859999999999997 0.3162 0.42239999999999994 1.7109999999999999
9.725999999999999 7.236000000000001 7.950000000000001 -0.6840000000000002 2.774 2.956 0.43379999999999996 0.2556 2.2960000000000003
7.950000000000001 7.23 10.104 3.005 2.431 -0.5720000000000001 0.2706 0.2748 1.633
10.020000000000001 7.17 7.92 -0.6209999999999998 3.0329999999999995 3.019 0.43079999999999996 0.2208 2.137
7.164000000000001 7.943999999999999 9.984 2.6340000000000003 2.963 -0.5370000000000001 0.2382 0.33180000000000004 2.023
7.140000000000001 7.9079999999999995 9.9 2.8649999999999993 2.6900000000000004 -0.6980000000000002 0.24180000000000001 0.2694 2.152
7.200000000000001 7.926 10.062000000000001 2.9139999999999997 3.2009999999999996 -0.5650000000000002 0.23399999999999999 0.3138 3.706
7.943999999999999 7.224 9.996 3.1029999999999998 2.676 -0.42500000000000004 0.30119999999999997 0.2988 2.077
7.236000000000001 7.9319999999999995 10.229999999999999 2.6550000000000002 3.0959999999999996 -0.42500000000000004 0.294 0.291 2.9770000000000003
7.2059999999999995 7.943999999999999 10.206 2.8649999999999993 3.418 -0.5860000000000001 0.3054 0.309 1.81
9.984 7.23 7.938000000000001 -0.5929999999999997 2.9349999999999996 3.32 0.43079999999999996 0.2316 2.527
7.902000000000001 7.23 10.128 3.236 2.9209999999999994 -0.6700000000000002 0.28559999999999997 0.2622 2.134
10.056 7.248000000000001 7.914000000000001 -0.44599999999999995 2.564 2.949 0.4476 0.2904 2.005
9.972000000000001 7.188000000000001 7.950000000000001 -0.53 2.676 3.061 0.40740000000000004 0.28859999999999997 2.194
7.92 10.020000000000001 7.17 3.229 -0.5720000000000001 3.159 0.3204 0.39540000000000003 2.644
7.200000000000001 7.926 9.948 2.9699999999999998 2.907 -0.516 0.2358 0.3264 2.02
10.242 7.1819999999999995 7.895999999999999 -0.5789999999999997 2.9909999999999997 2.8090000000000006 0.3864 0.261 1.948
7.176 7.92 10.187999999999999 2.564 3.2079999999999997 -0.5789999999999997 0.28319999999999995 0.2748 1.549
9.972000000000001 7.23 7.92 -0.474 2.6900000000000004 3.0329999999999995 0.4392 0.2742 2.347
7.943999999999999 9.942 7.193999999999999 3.138 -0.6629999999999998 2.7950000000000004 0.3078 0.41040000000000004 2.557
7.914000000000001 7.218 10.05 2.9769999999999994 2.4379999999999997 -0.474 0.2868 0.288 2.005
7.92 10.104 7.1819999999999995 2.8159999999999994 -0.5370000000000001 3.2079999999999997 0.3264 0.4296 2.2569999999999997
9.9 7.200000000000001 7.938000000000001 -0.3759999999999999 2.7600000000000007 3.2990000000000004 0.42839999999999995 0.2226 2.125
10.056 7.1579999999999995 7.914000000000001 -0.41100000000000003 3.026 2.9909999999999997 0.42839999999999995 0.24599999999999997 2.623
7.943999999999999 7.23 9.911999999999999 3.3689999999999998 2.3120000000000003 -0.44599999999999995 0.2838 0.2766 3.481
10.026 7.164000000000001 7.914000000000001 -0.3759999999999999 3.11 3.138 0.43439999999999995 0.23399999999999999 3.46
7.200000000000001 7.92 10.038 2.8299999999999996 2.9839999999999995 -0.5789999999999997 0.24539999999999998 0.3312 3.061
7.9319999999999995 7.218 9.9 3.124 2.7600000000000007 -0.516 0.3126 0.2568 3.2800000000000002
7.962000000000001 9.996 7.1819999999999995 3.25 -0.44599999999999995 2.6340000000000003 0.32580000000000003 0.41339999999999993 1.945
9.972000000000001 7.1819999999999995 7.9319999999999995 -0.4670000000000001 3.1519999999999997 3.11 0.42719999999999997 0.264 2.515
7.938000000000001 7.188000000000001 9.918 3.0889999999999995 2.8579999999999997 -0.31299999999999994 0.30419999999999997 0.264 2.17
7.943999999999999 7.2059999999999995 10.008 3.0889999999999995 2.508 -0.7120000000000002 0.327 0.2658 1.759
7.943999999999999 7.212000000000001 10.056 3.327 2.9139999999999997 -0.558 0.303 0.2532 3.037
7.943999999999999 7.193999999999999 10.128 3.075 2.9349999999999996 -0.6000000000000001 0.2898 0.2874 2.4219999999999997
9.864 7.140000000000001 7.895999999999999 -0.544 3.229 3.012 0.426 0.243 2.5
10.032 7.193999999999999 7.9079999999999995 -0.43900000000000006 2.774 3.012 0.41939999999999994 0.2946 2.041
7.236000000000001 7.9319999999999995 10.014 2.7040000000000006 3.082 -0.5860000000000001 0.30419999999999997 0.33779999999999993 2.407
7.140000000000001 7.8839999999999995 10.05 3.0399999999999996 3.222 -0.7680000000000002 0.2322 0.363 2.029
7.224 7.9559999999999995 10.08 2.6340000000000003 3.0399999999999996 -0.5090000000000001 0.2376 0.34619999999999995 2.377
9.894 7.212000000000001 7.9079999999999995 -0.6769999999999998 3.2009999999999996 2.9909999999999997 0.40740000000000004 0.25139999999999996 1.804
7.212000000000001 7.926 9.882 2.8719999999999994 3.166 -0.4950000000000001 0.2868 0.28859999999999997 1.762
10.098 7.2059999999999995 7.938000000000001 -0.6000000000000001 2.725 2.9979999999999998 0.3972 0.2712 2.002
9.882 7.140000000000001 7.902000000000001 -0.7540000000000002 2.9979999999999998 2.8719999999999994 0.4266 0.255 2.041
7.1160000000000005 7.8839999999999995 9.822 3.1870000000000003 3.0329999999999995 -0.5370000000000001 0.2388 0.3846 2.2329999999999997
7.950000000000001 7.242 10.158 3.3129999999999997 2.9279999999999995 -0.5789999999999997 0.2928 0.2676 2.8
10.038 7.200000000000001 7.895999999999999 -0.5929999999999997 2.9139999999999997 2.9769999999999994 0.438 0.2412 3.175
10.044 7.152000000000001 7.92 -0.502 3.1310000000000002 2.9279999999999995 0.4056 0.2436 2.335
7.914000000000001 9.906 7.176 3.2079999999999997 -0.6000000000000001 2.956 0.324 0.4452 2.947
9.996 7.193999999999999 7.926 -0.6769999999999998 2.9769999999999994 3.11 0.4092 0.22619999999999998 2.488
7.895999999999999 10.08 7.188000000000001 2.8159999999999994 -0.5789999999999997 2.5780000000000003 0.3018 0.44939999999999997 2.128
9.864 7.152000000000001 7.890000000000001 -0.8589999999999999 2.9979999999999998 2.9699999999999998 0.435 0.2694 2.68
7.92 9.852 7.145999999999999 3.2009999999999996 -0.7260000000000002 3.2079999999999997 0.288 0.4668 3.0759999999999996
10.133999999999999 7.1579999999999995 7.914000000000001 -0.6140000000000001 2.9979999999999998 2.8369999999999997 0.3906 0.22499999999999998 2.572
7.145999999999999 7.890000000000001 10.218 2.8579999999999997 2.8579999999999997 -0.6209999999999998 0.2292 0.30419999999999997 2.509
7.188000000000001 7.9319999999999995 9.972000000000001 2.7880000000000003 2.7880000000000003 -0.6629999999999998 0.24839999999999998 0.37079999999999996 2.512
10.187999999999999 7.2059999999999995 7.943999999999999 -0.6420000000000001 2.8299999999999996 3.124 0.4002 0.261 2.629
9.858 7.176 7.9079999999999995 -0.4670000000000001 2.8789999999999996 2.949 0.3846 0.2658 2.536
10.152 7.2059999999999995 7.938000000000001 -0.34099999999999997 2.6340000000000003 3.2009999999999996 0.3996 0.2616 2.455
9.954 7.2059999999999995 7.92 -0.4670000000000001 2.7040000000000006 3.2079999999999997 0.423 0.24719999999999998 2.44
7.145999999999999 7.902000000000001 9.84 3.264 2.963 -0.7820000000000003 0.2436 0.369 2.395
10.032 7.200000000000001 7.9079999999999995 -0.6700000000000002 2.508 2.949 0.4512 0.2304 2.443
9.918 7.200000000000001 7.926 -0.5510000000000002 3.285 2.9139999999999997 0.4068 0.2526 1.966
7.218 7.890000000000001 10.218 2.907 3.138 -0.6489999999999998 0.2568 0.33959999999999996 3.037
7.938000000000001 7.29 9.99 3.5230000000000006 2.8369999999999997 -0.5090000000000001 0.3102 0.2844 2.449
7.218 7.914000000000001 10.122 2.9349999999999996 3.18 -0.53 0.258 0.3174 2.557
7.140000000000001 7.872 9.852 3.1449999999999996 3.215 -0.3899999999999999 0.2334 0.3312 2.4699999999999998
7.212000000000001 7.9559999999999995 10.098 2.8649999999999993 3.0959999999999996 -0.5789999999999997 0.2364 0.34379999999999994 2.5
10.11 7.242 7.9319999999999995 -0.474 2.5920000000000005 3.019 0.4452 0.2838 3.145
7.926 9.96 7.224 2.9979999999999998 -0.369 3.0959999999999996 0.3342 0.396 1.537
7.9559999999999995 7.212000000000001 10.086 3.6 2.403 -0.516 0.32280000000000003 0.2784 2.416
7.224 7.938000000000001 10.236 2.606 2.893 -0.45300000000000007 0.243 0.309 2.719
7.212000000000001 7.895999999999999 9.918 3.0889999999999995 2.8579999999999997 -0.6420000000000001 0.2796 0.30419999999999997 2.461
7.914000000000001 9.936 7.164000000000001 2.7390000000000003 -0.7049999999999998 2.6970000000000005 0.3306 0.4026 2.563
9.906 7.1819999999999995 7.902000000000001 -0.558 2.7950000000000004 3.11 0.4848 0.2562 1.828
7.950000000000001 7.212000000000001 9.996 3.2430000000000003 2.669 -0.7260000000000002 0.28619999999999995 0.2814 2.617
7.218 7.950000000000001 9.84 2.7670000000000003 3.019 -0.6700000000000002 0.2838 0.33240000000000003 2.803
7.9319999999999995 7.284000000000001 10.218 3.019 2.3329999999999997 -0.369 0.2934 0.3306 2.0949999999999998
7.968 7.2059999999999995 10.068000000000001 3.054 2.718 -0.6140000000000001 0.2736 0.2904 2.2569999999999997
7.902000000000001 9.846 7.218 3.166 -0.7260000000000002 3.0399999999999996 0.3132 0.4458 2.326
7.193999999999999 7.878 10.098 2.963 3.215 -0.5090000000000001 0.2988 0.2958 2.794
7.9079999999999995 7.140000000000001 10.133999999999999 3.012 2.6340000000000003 -0.6000000000000001 0.2958 0.3036 2.761
10.116000000000001 7.164000000000001 7.92 -0.5510000000000002 2.9839999999999995 3.054 0.41759999999999997 0.2382 2.656
7.943999999999999 9.852 7.176 2.6970000000000005 -0.9289999999999999 2.9349999999999996 0.3204 0.4002 2.557
7.140000000000001 7.872 9.888 3.054 3.0399999999999996 -0.45300000000000007 0.2004 0.33959999999999996 1.807
7.128 7.902000000000001 9.954 2.9909999999999997 3.026 -0.7120000000000002 0.2742 0.3018 2.149
10.05 7.1579999999999995 7.914000000000001 -0.6140000000000001 3.215 3.026 0.43139999999999995 0.2298 1.8370000000000002
7.2059999999999995 7.914000000000001 10.11 2.9419999999999997 3.1870000000000003 -0.5370000000000001 0.3216 0.33180000000000004 2.89
7.943999999999999 7.2540000000000004 10.116000000000001 3.173 2.6340000000000003 -0.3619999999999999 0.3204 0.261 2.8209999999999997
7.926 10.062000000000001 7.188000000000001 2.8579999999999997 -0.502 2.7390000000000003 0.3132 0.3936 1.945
7.1819999999999995 7.8420000000000005 9.972000000000001 3.0889999999999995 2.844 -0.44599999999999995 0.26639999999999997 0.32280000000000003 2.416
7.9559999999999995 7.236000000000001 9.9 3.194 2.963 -0.4810000000000001 0.3066 0.28859999999999997 2.386
7.9559999999999995 10.008 7.193999999999999 3.341 -0.397 2.669 0.363 0.402 2.362
7.926 10.17 7.1579999999999995 2.7390000000000003 -0.45300000000000007 2.6830000000000003 0.3126 0.4092 2.008
7.200000000000001 7.943999999999999 9.858 2.781 3.068 -0.4810000000000001 0.2226 0.33180000000000004 2.956
7.926 9.834 7.188000000000001 2.9419999999999997 -0.6140000000000001 2.956 0.2946 0.4662 2.098
7.92 7.224 10.014 2.8369999999999997 2.354 -0.516 0.267 0.3126 2.035
7.890000000000001 9.888 7.188000000000001 3.173 -0.6769999999999998 2.8299999999999996 0.3168 0.414 2.332
7.950000000000001 7.218 10.098 3.124 2.6270000000000002 -0.30600000000000005 0.2946 0.24 2.3680000000000003
7.17 7.938000000000001 9.738 3.026 2.7390000000000003 -0.6840000000000002 0.2298 0.35519999999999996 2.539
7.193999999999999 7.938000000000001 9.972000000000001 2.7950000000000004 2.9419999999999997 -0.43199999999999994 0.2958 0.3006 2.533
7.9079999999999995 7.26 10.146 3.068 2.6410000000000005 -0.5090000000000001 0.288 0.2838 1.927
7.938000000000001 7.212000000000001 10.11 3.005 3.1029999999999998 -0.6000000000000001 0.29819999999999997 0.2874 2.2720000000000002
10.002 7.1339999999999995 7.902000000000001 -0.397 2.7460000000000004 3.215 0.42719999999999997 0.24779999999999996 3.496
7.902000000000001 10.020000000000001 7.1819999999999995 2.774 -0.5929999999999997 3.264 0.2874 0.4326 2.4939999999999998
7.145999999999999 7.8839999999999995 9.888 3.3689999999999998 3.159 -0.6420000000000001 0.24419999999999997 0.3876 2.314
7.902000000000001 9.9 7.1579999999999995 3.285 -0.5650000000000002 3.117 0.2784 0.42419999999999997 2.44
10.181999999999999 7.1819999999999995 7.92 -0.6700000000000002 2.9769999999999994 3.075 0.40440000000000004 0.24779999999999996 2.68
7.176 7.938000000000001 9.906 2.8859999999999997 3.32 -0.516 0.2988 0.3306 2.809
7.943999999999999 7.212000000000001 9.9 3.2430000000000003 2.3819999999999997 -0.3480000000000001 0.3084 0.24659999999999999 2.227
7.1579999999999995 7.8839999999999995 9.911999999999999 3.1029999999999998 3.075 -0.45999999999999996 0.23399999999999999 0.34199999999999997 2.452
7.92 10.14 7.218 2.8859999999999997 -0.5650000000000002 2.7670000000000003 0.3132 0.41339999999999993 2.02
9.942 7.176 7.9319999999999995 -0.45999999999999996 2.7600000000000007 2.9209999999999994 0.4476 0.2772 2.689
7.943999999999999 7.26 10.176 3.25 2.8859999999999997 -0.4950000000000001 0.3054 0.2976 1.594
7.200000000000001 7.9079999999999995 9.918 2.9 3.012 -0.502 0.2754 0.3024 2.449
7.895999999999999 9.942 7.188000000000001 3.138 -0.7189999999999999 2.7110000000000003 0.3276 0.4362 2.104
9.99 7.200000000000001 7.926 -0.488 3.068 3.2430000000000003 0.3972 0.2526 2.662
9.978 7.188000000000001 7.92 -0.53 3.18 3.229 0.4356 0.243 2.6350000000000002
7.9079999999999995 7.176 9.996 3.418 2.718 -0.6700000000000002 0.2802 0.2976 1.531
10.026 7.23 7.914000000000001 -0.6280000000000001 3.012 3.173 0.43139999999999995 0.2652 2.29
7.914000000000001 10.181999999999999 7.212000000000001 2.963 -0.369 2.571 0.33480000000000004 0.4026 2.005
9.918 7.218 7.926 -0.6280000000000001 2.9839999999999995 2.8859999999999997 0.4236 0.2736 2.143
7.926 7.236000000000001 10.116000000000001 3.229 2.41 -0.488 0.28259999999999996 0.3144 2.149
7.164000000000001 7.890000000000001 9.822 3.138 3.2079999999999997 -0.6140000000000001 0.2328 0.34319999999999995 2.3200000000000003
10.08 7.200000000000001 7.914000000000001 -0.6209999999999998 2.7110000000000003 2.9699999999999998 0.4512 0.2502 3.343
7.902000000000001 9.936 7.218 3.229 -0.6560000000000001 3.1310000000000002 0.3138 0.438 2.08
7.943999999999999 7.236000000000001 10.266 3.2990000000000004 2.949 -0.5510000000000002 0.3192 0.2676 2.0170000000000003
7.1579999999999995 7.895999999999999 10.098 3.0399999999999996 3.1029999999999998 -0.6420000000000001 0.2382 0.34559999999999996 2.455
7.200000000000001 7.9319999999999995 10.032 2.725 3.138 -0.558 0.2652 0.3174 1.8639999999999999
7.943999999999999 9.972000000000001 7.164000000000001 2.9349999999999996 -0.42500000000000004 2.9279999999999995 0.30419999999999997 0.41519999999999996 2.974
7.914000000000001 7.2059999999999995 9.972000000000001 3.1310000000000002 2.4379999999999997 -0.397 0.2964 0.3024 2.0140000000000002
7.914000000000001 7.218 10.194 2.8719999999999994 2.34 -0.6000000000000001 0.318 0.2802 1.996
7.1819999999999995 7.902000000000001 9.858 3.075 3.0399999999999996 -0.6280000000000001 0.24180000000000001 0.3606 2.395
10.014 7.224 7.926 -0.488 2.5780000000000003 3.2430000000000003 0.42719999999999997 0.2802 2.44
9.93 7.200000000000001 7.926 -0.6909999999999998 2.8789999999999996 3.222 0.447 0.2412 2.7729999999999997
7.193999999999999 7.914000000000001 10.08 3.124 3.1449999999999996 -0.7540000000000002 0.2676 0.34859999999999997 2.572
10.044 7.1819999999999995 7.968 -0.3619999999999999 2.599 3.236 0.417 0.25739999999999996 2.854
7.926 9.780000000000001 7.188000000000001 3.0329999999999995 -0.7400000000000002 2.7040000000000006 0.33 0.4482 2.383
9.852 7.193999999999999 7.974 -0.6909999999999998 2.8229999999999995 3.2990000000000004 0.4452 0.2796 2.782
7.1579999999999995 7.938000000000001 10.062000000000001 2.7110000000000003 3.075 -0.7609999999999999 0.20819999999999997 0.3996 2.209
10.056 7.188000000000001 7.943999999999999 -0.43199999999999994 3.159 2.9979999999999998 0.4356 0.23399999999999999 2.851
7.895999999999999 10.014 7.164000000000001 3.25 -0.4810000000000001 2.8859999999999997 0.3078 0.4698 2.113
10.05 7.224 7.9079999999999995 -0.6000000000000001 2.9209999999999994 3.362 0.41100000000000003 0.2706 2.0709999999999997
7.943999999999999 10.056 7.224 3.285 -0.558 2.7600000000000007 0.40140000000000003 0.375 2.611
7.188000000000001 7.938000000000001 9.99 2.9209999999999994 3.138 -0.6069999999999998 0.2592 0.3414 2.875
7.938000000000001 9.888 7.17 3.285 -0.6629999999999998 2.6900000000000004 0.31980000000000003 0.4026 3.211
7.938000000000001 9.96 7.200000000000001 3.0469999999999997 -0.6840000000000002 2.613 0.3222 0.41639999999999994 2.224
7.224 7.950000000000001 9.954 2.6270000000000002 3.334 -0.5860000000000001 0.264 0.35159999999999997 2.713
9.911999999999999 7.176 7.9319999999999995 -0.6209999999999998 3.075 3.2920000000000003 0.42719999999999997 0.24 2.383
9.852 7.2059999999999995 7.950000000000001 -0.22899999999999987 2.9139999999999997 3.306 0.4206 0.2694 2.551
10.128 7.224 7.926 -0.5929999999999997 2.6970000000000005 3.0469999999999997 0.41040000000000004 0.26639999999999997 1.759
10.002 7.176 7.938000000000001 -0.474 3.25 2.718 0.43439999999999995 0.2034 1.981
7.950000000000001 9.822 7.1819999999999995 3.0329999999999995 -0.6349999999999998 3.11 0.3336 0.4362 2.479
9.972000000000001 7.17 7.902000000000001 -0.6700000000000002 2.725 2.907 0.4416 0.2412 2.515
7.200000000000001 7.9079999999999995 10.11 3.075 3.0329999999999995 -0.6280000000000001 0.279 0.3006 2.4219999999999997
7.164000000000001 7.92 9.888 2.9 2.907 -0.4039999999999999 0.2724 0.3312 1.606
7.1579999999999995 7.902000000000001 9.972000000000001 3.061 3.0399999999999996 -0.6000000000000001 0.26039999999999996 0.32880000000000004 3.151
7.895999999999999 7.140000000000001 10.002 2.8159999999999994 2.8859999999999997 -0.7049999999999998 0.3174 0.2904 2.794
10.032 7.17 7.890000000000001 -0.6909999999999998 3.0469999999999997 2.9139999999999997 0.429 0.2682 2.5
7.991999999999999 7.266 10.05 3.026 2.676 -0.42500000000000004 0.3036 0.3006 2.3200000000000003
7.1819999999999995 7.895999999999999 10.014 2.9769999999999994 3.1310000000000002 -0.5650000000000002 0.2676 0.333 2.1310000000000002
7.9079999999999995 9.954 7.200000000000001 3.159 -0.6560000000000001 3.1029999999999998 0.3144 0.41939999999999994 2.431
7.962000000000001 10.116000000000001 7.193999999999999 2.851 -0.4670000000000001 2.9209999999999994 0.3222 0.3852 2.125
7.9079999999999995 9.911999999999999 7.1819999999999995 3.229 -0.8589999999999999 3.439 0.30119999999999997 0.4488 3.55
9.702 7.218 7.9559999999999995 -0.6629999999999998 3.0469999999999997 3.1449999999999996 0.3996 0.2868 2.089
7.212000000000001 7.92 10.104 3.019 3.2079999999999997 -0.397 0.2502 0.33180000000000004 1.555
7.193999999999999 7.914000000000001 10.026 2.725 2.8789999999999996 -0.7820000000000003 0.28559999999999997 0.3336 2.068
7.9319999999999995 7.176 9.996 3.173 2.9769999999999994 -0.6280000000000001 0.2226 0.34859999999999997 2.518
7.926 10.104 7.1819999999999995 2.9349999999999996 -0.3899999999999999 2.8859999999999997 0.33 0.414 1.819
7.176 7.902000000000001 10.146 2.8859999999999997 3.3970000000000002 -0.45999999999999996 0.2676 0.3156 2.7159999999999997
7.902000000000001 7.236000000000001 10.181999999999999 3.481 2.9139999999999997 -0.5789999999999997 0.3312 0.2556 2.503
7.188000000000001 7.872 10.229999999999999 2.9349999999999996 3.0329999999999995 -0.6489999999999998 0.24659999999999999 0.315 1.687
7.926 9.894 7.200000000000001 3.0399999999999996 -0.5860000000000001 2.8159999999999994 0.35579999999999995 0.39540000000000003 3.2199999999999998
7.926 9.924 7.248000000000001 2.9139999999999997 -0.7189999999999999 3.061 0.30419999999999997 0.4518 2.191
7.92 7.224 10.068000000000001 3.1449999999999996 2.7670000000000003 -0.7400000000000002 0.34019999999999995 0.282 2.722
7.926 10.014 7.188000000000001 3.173 -0.9009999999999999 3.0959999999999996 0.30119999999999997 0.49139999999999995 1.8519999999999999
7.17 7.914000000000001 10.187999999999999 3.061 3.0469999999999997 -0.544 0.2526 0.3312 1.996
10.068000000000001 7.2059999999999995 7.914000000000001 -0.516 2.9699999999999998 3.1310000000000002 0.4482 0.2436 2.632
7.2059999999999995 7.914000000000001 9.99 2.949 3.11 -0.5720000000000001 0.24419999999999997 0.36179999999999995 3.019
7.188000000000001 7.914000000000001 9.96 2.7390000000000003 3.2009999999999996 -0.6489999999999998 0.2496 0.321 1.7229999999999999
7.218 7.962000000000001 10.086 2.571 2.949 -0.4670000000000001 0.291 0.3264 2.788
10.092 7.200000000000001 7.9079999999999995 -0.6209999999999998 2.8649999999999993 3.236 0.4602 0.2742 1.975
7.890000000000001 9.804 7.164000000000001 3.138 -0.45300000000000007 2.8299999999999996 0.34319999999999995 0.384 2.158
7.986000000000001 7.26 10.014 3.2920000000000003 2.7110000000000003 -0.6000000000000001 0.315 0.2628 2.2329999999999997
7.1819999999999995 7.914000000000001 10.122 2.956 3.012 -0.5090000000000001 0.2286 0.34319999999999995 1.9
7.914000000000001 7.188000000000001 10.194 3.32 2.6550000000000002 -0.6489999999999998 0.2958 0.3222 2.428
7.200000000000001 7.926 10.068000000000001 2.669 3.173 -0.6069999999999998 0.2808 0.2958 2.251
7.938000000000001 7.1579999999999995 10.181999999999999 3.0959999999999996 2.5220000000000002 -0.41100000000000003 0.2988 0.2964 2.3529999999999998
9.984 7.200000000000001 7.914000000000001 -0.5090000000000001 2.7040000000000006 3.215 0.3882 0.26039999999999996 2.395
7.145999999999999 7.9079999999999995 10.098 3.019 3.075 -0.6069999999999998 0.22619999999999998 0.37679999999999997 1.567
7.926 10.014 7.2059999999999995 3.3689999999999998 -0.6700000000000002 3.222 0.3336 0.4326 2.374
9.815999999999999 7.193999999999999 7.9559999999999995 -0.6489999999999998 2.6830000000000003 3.3689999999999998 0.4236 0.29159999999999997 2.347
7.914000000000001 7.164000000000001 10.386000000000001 2.9839999999999995 2.7670000000000003 -0.7049999999999998 0.303 0.3048 1.7530000000000001
10.068000000000001 7.145999999999999 7.895999999999999 -0.6209999999999998 3.25 3.124 0.42839999999999995 0.23099999999999998 1.816
7.152000000000001 7.890000000000001 9.888 2.9769999999999994 2.8369999999999997 -0.6629999999999998 0.25139999999999996 0.35579999999999995 2.068
7.926 7.272 10.002 3.1029999999999998 2.6900000000000004 -0.516 0.33240000000000003 0.28859999999999997 1.744
7.926 10.038 7.200000000000001 2.963 -0.3550000000000002 2.606 0.2976 0.39 2.197
9.972000000000001 7.1819999999999995 7.914000000000001 -0.42500000000000004 2.9979999999999998 3.3550000000000004 0.42839999999999995 0.24899999999999997 2.191
7.902000000000001 9.966000000000001 7.212000000000001 3.068 -0.7260000000000002 3.1870000000000003 0.291 0.4452 3.0010000000000003
7.9319999999999995 9.762 7.224 3.012 -0.42500000000000004 2.781 0.33240000000000003 0.41040000000000004 2.6470000000000002
10.152 7.193999999999999 7.950000000000001 -0.44599999999999995 3.005 3.1519999999999997 0.43439999999999995 0.25379999999999997 2.6350000000000002
7.145999999999999 7.938000000000001 9.834 2.844 3.2079999999999997 -0.53 0.24899999999999997 0.3372 2.599
10.008 7.17 7.9079999999999995 -0.6840000000000002 2.963 2.8299999999999996 0.4458 0.2334 1.504
7.9319999999999995 7.224 10.116000000000001 3.4110000000000005 2.501 -0.3270000000000002 0.29159999999999997 0.2778 2.476
9.864 7.193999999999999 7.9079999999999995 -0.6140000000000001 3.1449999999999996 2.8859999999999997 0.4098 0.273 1.621
7.23 7.914000000000001 9.984 2.6340000000000003 3.229 -0.6000000000000001 0.303 0.28619999999999995 2.077
10.008 7.193999999999999 7.8839999999999995 -0.7889999999999999 3.026 3.082 0.4518 0.24479999999999996 2.242
7.200000000000001 7.8839999999999995 9.966000000000001 3.082 2.5850000000000004 -0.7540000000000002 0.20819999999999997 0.3444 2.206
7.8839999999999995 9.936 7.23 3.194 -0.5789999999999997 3.026 0.3576 0.39 2.362
8.010000000000002 7.193999999999999 10.002 3.166 2.8159999999999994 -0.45999999999999996 0.3162 0.261 2.029
7.193999999999999 7.902000000000001 9.834 2.8020000000000005 3.061 -0.41100000000000003 0.252 0.33899999999999997 2.077
7.938000000000001 10.11 7.193999999999999 2.893 -0.5650000000000002 2.599 0.34919999999999995 0.3978 1.678
7.9799999999999995 7.218 10.14 3.215 2.8649999999999993 -0.5860000000000001 0.35579999999999995 0.213 2.764
7.218 7.943999999999999 10.104 2.781 3.362 -0.5650000000000002 0.2838 0.2964 2.371
9.906 7.2059999999999995 7.9319999999999995 -0.488 2.9209999999999994 3.215 0.39840000000000003 0.2736 2.713
9.99 7.218 7.9079999999999995 -0.8029999999999998 3.2569999999999997 3.012 0.42 0.24180000000000001 2.206
7.926 7.266 10.128 2.8579999999999997 2.893 -0.544 0.3108 0.29519999999999996 2.458
7.1579999999999995 7.92 9.822 3.481 3.166 -0.6840000000000002 0.2316 0.3102 1.999
7.188000000000001 7.9319999999999995 10.212 2.8369999999999997 3.215 -0.6489999999999998 0.2532 0.321 2.536
9.911999999999999 7.200000000000001 7.950000000000001 -0.42500000000000004 2.8649999999999993 3.341 0.4584 0.2406 2.0140000000000002
7.2540000000000004 7.9319999999999995 9.948 2.606 3.1310000000000002 -0.7609999999999999 0.26639999999999997 0.34559999999999996 2.944
7.926 10.074 7.23 3.11 -0.43199999999999994 2.8299999999999996 0.3372 0.40740000000000004 1.981
9.936 7.193999999999999 7.8839999999999995 -0.43900000000000006 2.9699999999999998 2.956 0.4326 0.24419999999999997 2.3200000000000003
7.218 7.926 10.158 2.515 3.0889999999999995 -0.4670000000000001 0.26339999999999997 0.3336 2.218
10.008 7.200000000000001 7.902000000000001 -0.5929999999999997 2.8229999999999995 3.229 0.41519999999999996 0.2526 1.843
10.026 7.140000000000001 7.895999999999999 -0.43199999999999994 3.117 2.956 0.432 0.24839999999999998 1.861
7.968 7.272 9.996 3.194 2.662 -0.5510000000000002 0.3024 0.28619999999999995 2.584
7.950000000000001 7.218 9.9 3.362 2.9 -0.3270000000000002 0.34079999999999994 0.26339999999999997 2.308
7.968 10.092 7.218 2.9979999999999998 -0.3759999999999999 2.6900000000000004 0.35879999999999995 0.39840000000000003 2.185
7.962000000000001 7.224 9.815999999999999 3.061 2.7670000000000003 -0.6140000000000001 0.3024 0.309 1.7229999999999999
7.140000000000001 7.943999999999999 9.9 3.159 3.229 -0.53 0.2268 0.3696 2.167
7.9079999999999995 10.242 7.1819999999999995 3.1029999999999998 -0.397 2.9209999999999994 0.3474 0.3876 2.299
9.888 7.2059999999999995 7.902000000000001 -0.6280000000000001 2.8579999999999997 3.166 0.4266 0.2796 2.794
7.943999999999999 7.188000000000001 10.187999999999999 2.781 2.62 -0.6209999999999998 0.3294 0.28259999999999996 2.98
7.164000000000001 7.92 9.954 3.2430000000000003 2.9699999999999998 -0.6280000000000001 0.24180000000000001 0.29519999999999996 2.824
9.815999999999999 7.212000000000001 7.9079999999999995 -0.6420000000000001 3.012 3.2920000000000003 0.405 0.261 2.026
7.9319999999999995 9.936 7.188000000000001 2.7110000000000003 -0.6420000000000001 2.8159999999999994 0.309 0.43139999999999995 2.425
7.92 10.044 7.212000000000001 3.1449999999999996 -0.41100000000000003 2.9279999999999995 0.36179999999999995 0.405 2.239
7.9559999999999995 10.044 7.193999999999999 3.068 -0.6000000000000001 2.606 0.3276 0.3894 2.386
7.890000000000001 9.99 7.1819999999999995 3.1870000000000003 -0.6629999999999998 2.7040000000000006 0.3114 0.44939999999999997 3.445
10.164 7.193999999999999 7.92 -0.7469999999999999 2.8719999999999994 3.2079999999999997 0.41040000000000004 0.2646 2.167
10.302 7.17 7.92 -0.397 3.1310000000000002 2.8369999999999997 0.426 0.24 2.827
7.991999999999999 7.248000000000001 10.11 3.4040000000000004 2.8649999999999993 -0.6069999999999998 0.3246 0.3006 2.431
7.943999999999999 7.212000000000001 9.96 3.124 2.8229999999999995 -0.43199999999999994 0.29159999999999997 0.267 1.993
10.062000000000001 7.2059999999999995 7.950000000000001 -0.4670000000000001 2.9139999999999997 2.963 0.4452 0.2412 1.6840000000000002
7.938000000000001 7.224 10.008 3.2569999999999997 2.5360000000000005 -0.6769999999999998 0.3384 0.2352 2.062
9.984 7.218 7.938000000000001 -0.5370000000000001 2.8789999999999996 2.963 0.43019999999999997 0.276 2.7009999999999996
9.888 7.1339999999999995 7.902000000000001 -0.8379999999999999 2.7880000000000003 3.1449999999999996 0.3912 0.2658 2.7729999999999997
9.792 7.152000000000001 7.9079999999999995 -0.7469999999999999 3.019 2.9209999999999994 0.387 0.24839999999999998 2.254
7.92 10.056 7.1819999999999995 3.1870000000000003 -0.45999999999999996 2.6830000000000003 0.3294 0.3828 2.275
7.188000000000001 7.914000000000001 9.996 2.564 3.026 -0.502 0.24659999999999999 0.37379999999999997 1.417
7.92 7.200000000000001 10.128 2.9909999999999997 3.1449999999999996 -0.43900000000000006 0.2712 0.303 2.152
7.176 7.914000000000001 9.846 2.8159999999999994 3.215 -0.383 0.28919999999999996 0.3072 2.914
7.914000000000001 9.762 7.1579999999999995 2.9769999999999994 -0.544 2.571 0.3138 0.41459999999999997 3.745
7.902000000000001 10.014 7.176 3.229 -0.6280000000000001 2.9909999999999997 0.3048 0.45539999999999997 1.822
7.92 9.978 7.200000000000001 3.0399999999999996 -0.5860000000000001 2.8649999999999993 0.3168 0.4644 2.887
7.9319999999999995 7.218 10.092 3.194 3.124 -0.544 0.321 0.2526 1.7349999999999999
7.9079999999999995 9.870000000000001 7.140000000000001 3.306 -0.6209999999999998 2.9839999999999995 0.2802 0.447 2.527
7.17 7.914000000000001 9.815999999999999 2.7530000000000006 3.138 -0.4670000000000001 0.2334 0.35579999999999995 2.662
9.978 7.200000000000001 7.895999999999999 -0.6349999999999998 3.2079999999999997 2.8369999999999997 0.41279999999999994 0.22619999999999998 1.831
7.926 7.17 9.972000000000001 3.5020000000000002 3.0959999999999996 -0.4179999999999999 0.294 0.288 3.349
7.938000000000001 7.193999999999999 10.152 3.173 2.8859999999999997 -0.6489999999999998 0.3102 0.29519999999999996 2.485
7.212000000000001 7.938000000000001 10.056 2.9979999999999998 3.327 -0.5860000000000001 0.27 0.3252 1.915
9.972000000000001 7.218 7.9079999999999995 -0.6560000000000001 2.13 3.362 0.4548 0.252 1.957
7.152000000000001 7.878 9.864 2.956 2.8159999999999994 -0.7469999999999999 0.2436 0.34079999999999994 2.356
10.044 7.193999999999999 7.914000000000001 -0.5510000000000002 3.194 3.1029999999999998 0.43139999999999995 0.24839999999999998 2.779
10.038 7.1819999999999995 7.902000000000001 -0.41100000000000003 2.9 3.019 0.4236 0.2502 2.284
10.05 7.200000000000001 7.890000000000001 -0.6560000000000001 2.8090000000000006 2.9419999999999997 0.4764 0.2412 2.293
7.938000000000001 10.098 7.164000000000001 3.432 -0.44599999999999995 3.1519999999999997 0.3126 0.40440000000000004 2.512
9.936 7.236000000000001 7.950000000000001 -0.6489999999999998 2.8579999999999997 3.2009999999999996 0.4038 0.2556 2.182
7.122 7.914000000000001 9.93 3.075 2.7390000000000003 -0.474 0.258 0.3444 2.3440000000000003
7.9079999999999995 7.2059999999999995 10.14 3.229 2.466 -0.6140000000000001 0.285 0.2784 1.81
7.17 7.895999999999999 9.852 2.9139999999999997 3.138 -0.3619999999999999 0.1818 0.3666 2.449
7.1819999999999995 7.938000000000001 10.008 2.7670000000000003 3.082 -0.5789999999999997 0.2688 0.3 2.317
10.092 7.193999999999999 7.92 -0.7889999999999999 3.25 2.893 0.4038 0.2646 3.175
7.943999999999999 7.23 9.972000000000001 3.1519999999999997 2.7950000000000004 -0.5860000000000001 0.29219999999999996 0.2652 2.2720000000000002
9.984 7.1819999999999995 7.962000000000001 -0.43900000000000006 2.732 3.138 0.3918 0.2676 2.347
7.962000000000001 7.23 9.972000000000001 3.362 2.669 -0.6209999999999998 0.291 0.3066 2.0709999999999997
7.9319999999999995 9.792 7.193999999999999 3.2009999999999996 -0.7960000000000003 2.9839999999999995 0.3066 0.4518 1.81
7.193999999999999 7.914000000000001 10.187999999999999 2.7670000000000003 3.32 -0.6000000000000001 0.237 0.3294 2.152
7.974 7.242 10.14 3.2569999999999997 2.7600000000000007 -0.6420000000000001 0.2964 0.2808 1.954
7.92 7.248000000000001 10.026 3.061 2.361 -0.502 0.3246 0.2646 2.731
7.1819999999999995 7.872 10.158 3.0959999999999996 2.963 -0.44599999999999995 0.24719999999999998 0.3168 2.248
7.152000000000001 7.92 9.834 2.9839999999999995 2.8579999999999997 -0.6700000000000002 0.2238 0.35159999999999997 2.254
10.008 7.2059999999999995 7.895999999999999 -0.53 3.005 2.9349999999999996 0.41579999999999995 0.2406 3.247
9.96 7.188000000000001 7.92 -0.6980000000000002 2.8649999999999993 2.669 0.44639999999999996 0.2208 2.188
7.224 7.926 10.116000000000001 2.774 2.9279999999999995 -0.45300000000000007 0.25739999999999996 0.32880000000000004 2.3049999999999997
9.996 7.176 7.92 -0.6700000000000002 3.3129999999999997 2.9699999999999998 0.4026 0.2532 2.326
7.1579999999999995 7.895999999999999 10.020000000000001 3.4670000000000005 2.9209999999999994 -0.6560000000000001 0.24719999999999998 0.3174 3.346
7.914000000000001 10.056 7.1819999999999995 3.019 -0.5090000000000001 2.963 0.3264 0.417 2.722
7.950000000000001 7.236000000000001 10.254 2.956 2.9349999999999996 -0.4039999999999999 0.291 0.2976 2.185
7.176 7.859999999999999 10.11 3.173 3.082 -0.6209999999999998 0.2352 0.36479999999999996 2.518
10.068000000000001 7.176 7.92 -0.7120000000000002 2.7950000000000004 3.2430000000000003 0.432 0.2598 2.542
9.978 7.128 7.895999999999999 -0.6000000000000001 2.9209999999999994 3.222 0.43439999999999995 0.22799999999999998 3.163
7.9319999999999995 9.864 7.193999999999999 3.271 -0.5090000000000001 2.9139999999999997 0.3072 0.43439999999999995 2.185
10.104 7.236000000000001 7.9319999999999995 -0.5090000000000001 2.7670000000000003 3.2079999999999997 0.3696 0.3186 1.792
7.914000000000001 9.876000000000001 7.1819999999999995 3.1029999999999998 -0.5650000000000002 2.9839999999999995 0.3282 0.3702 1.4769999999999999
9.756 7.1579999999999995 7.926 -0.9149999999999999 2.676 2.9909999999999997 0.43079999999999996 0.2652 3.3280000000000003
7.1579999999999995 7.8839999999999995 9.918 3.1519999999999997 3.1449999999999996 -0.6629999999999998 0.2394 0.3366 2.605
7.938000000000001 10.020000000000001 7.1579999999999995 3.082 -0.6769999999999998 2.8299999999999996 0.3036 0.3864 1.792
10.104 7.140000000000001 7.8839999999999995 -0.6209999999999998 3.117 2.949 0.441 0.2292 1.714
7.9319999999999995 9.99 7.176 3.0469999999999997 -0.6280000000000001 3.012 0.3444 0.4446 2.542
10.002 7.193999999999999 7.9319999999999995 -0.4950000000000001 2.725 3.005 0.42239999999999994 0.261 2.3529999999999998
10.133999999999999 7.1579999999999995 7.872 -0.5370000000000001 2.9419999999999997 3.0329999999999995 0.4512 0.2298 1.756
7.193999999999999 7.895999999999999 10.014 3.341 3.1029999999999998 -0.9219999999999999 0.1998 0.34559999999999996 2.827
7.9559999999999995 7.200000000000001 10.074 3.1449999999999996 2.62 -0.474 0.3174 0.2802 2.4459999999999997
7.9079999999999995 7.1819999999999995 9.906 3.341 2.7880000000000003 -0.5929999999999997 0.35819999999999996 0.2592 2.437
7.9559999999999995 10.086 7.1819999999999995 3.075 -0.5230000000000001 2.7670000000000003 0.33180000000000004 0.40140000000000003 2.143
7.914000000000001 10.044 7.1819999999999995 2.9419999999999997 -0.43199999999999994 2.298 0.3114 0.41939999999999994 1.708
7.986000000000001 7.200000000000001 10.068000000000001 3.173 2.8719999999999994 -0.41100000000000003 0.34679999999999994 0.2688 1.7469999999999999
9.984 7.164000000000001 7.9319999999999995 -0.44599999999999995 3.0329999999999995 3.229 0.4332 0.237 2.158
7.914000000000001 7.23 10.002 3.1449999999999996 2.9349999999999996 -0.41100000000000003 0.29219999999999996 0.2754 2.011
7.890000000000001 10.098 7.236000000000001 2.8859999999999997 -0.7329999999999999 3.068 0.3036 0.44279999999999997 1.9
10.074 7.193999999999999 7.902000000000001 -0.6349999999999998 3.0469999999999997 3.138 0.43439999999999995 0.2838 3.19
7.943999999999999 7.224 10.068000000000001 3.376 2.543 -0.474 0.33 0.2802 2.089
7.943999999999999 10.020000000000001 7.193999999999999 3.075 -0.516 2.8299999999999996 0.3624 0.41100000000000003 2.284
7.914000000000001 10.05 7.188000000000001 2.9699999999999998 -0.5650000000000002 2.732 0.372 0.34199999999999997 2.731
7.926 10.116000000000001 7.188000000000001 2.844 -0.5929999999999997 2.7880000000000003 0.33240000000000003 0.42779999999999996 2.026
7.164000000000001 7.890000000000001 9.911999999999999 2.6970000000000005 3.2009999999999996 -0.2849999999999999 0.2646 0.3444 2.026
10.128 7.193999999999999 7.902000000000001 -0.43900000000000006 2.893 3.166 0.4026 0.267 2.212
7.9319999999999995 9.804 7.200000000000001 3.1870000000000003 -0.5720000000000001 3.068 0.34019999999999995 0.42119999999999996 2.584
7.17 7.895999999999999 10.044 3.061 2.9699999999999998 -0.5929999999999997 0.24479999999999996 0.3102 2.335
7.9319999999999995 9.911999999999999 7.2059999999999995 3.0469999999999997 -0.7189999999999999 3.0399999999999996 0.34559999999999996 0.41639999999999994 2.509
7.92 10.014 7.193999999999999 3.0889999999999995 -0.4810000000000001 3.194 0.3114 0.4578 3.349
7.152000000000001 7.914000000000001 10.044 2.718 3.005 -0.4039999999999999 0.25079999999999997 0.32580000000000003 2.6350000000000002
7.938000000000001 10.218 7.212000000000001 3.0959999999999996 -0.41100000000000003 2.956 0.357 0.42179999999999995 2.587
7.938000000000001 9.762 7.2059999999999995 3.222 -0.6000000000000001 3.1519999999999997 0.3366 0.4602 2.251
7.193999999999999 7.902000000000001 10.11 2.781 3.082 -0.6140000000000001 0.267 0.3204 2.101
7.193999999999999 7.943999999999999 9.870000000000001 2.781 3.005 -0.8169999999999998 0.2784 0.3246 2.263
7.950000000000001 10.032 7.1579999999999995 3.25 -0.29900000000000015 2.564 0.3138 0.4476 2.539
7.9079999999999995 7.23 9.99 2.8369999999999997 2.5220000000000002 -0.474 0.2682 0.3276 2.302
7.914000000000001 7.224 9.942 3.236 2.732 -0.6069999999999998 0.324 0.2622 2.437
7.193999999999999 7.902000000000001 10.17 3.11 3.075 -0.6909999999999998 0.2328 0.34079999999999994 2.332
7.188000000000001 7.902000000000001 10.044 3.11 2.9139999999999997 -0.6560000000000001 0.21119999999999997 0.3132 2.596
7.17 7.926 9.984 2.6900000000000004 2.949 -0.6280000000000001 0.2766 0.3162 2.128
7.926 7.242 10.206 3.3689999999999998 2.7110000000000003 -0.6980000000000002 0.2802 0.2934 2.416
7.92 9.936 7.152000000000001 2.9839999999999995 -0.7260000000000002 2.6410000000000005 0.33240000000000003 0.45299999999999996 2.665
7.152000000000001 7.890000000000001 9.684000000000001 3.264 2.9139999999999997 -0.5230000000000001 0.2334 0.3312 2.416
9.99 7.193999999999999 7.926 -0.6560000000000001 3.236 3.138 0.43139999999999995 0.2256 1.936
7.92 9.93 7.1579999999999995 3.019 -0.5650000000000002 3.236 0.30119999999999997 0.4638 2.908
7.200000000000001 7.926 10.026 2.7530000000000006 3.019 -0.6140000000000001 0.29159999999999997 0.34079999999999994 2.05
9.882 7.193999999999999 7.9559999999999995 -0.7960000000000003 2.6550000000000002 3.439 0.4512 0.2178 1.651
7.914000000000001 9.906 7.17 3.229 -0.6629999999999998 2.8789999999999996 0.2724 0.45299999999999996 1.504
7.1819999999999995 7.9079999999999995 10.146 2.9769999999999994 2.9699999999999998 -0.31299999999999994 0.22619999999999998 0.3654 2.695
7.193999999999999 7.890000000000001 9.858 2.9209999999999994 2.8369999999999997 -0.6140000000000001 0.25739999999999996 0.3234 2.6350000000000002
7.926 7.2059999999999995 9.99 3.194 2.8229999999999995 -0.5230000000000001 0.3246 0.2958 2.2359999999999998
10.026 7.176 7.926 -0.6420000000000001 2.7460000000000004 3.061 0.43379999999999996 0.2556 2.746
7.1819999999999995 7.835999999999999 9.852 3.264 2.9349999999999996 -0.4950000000000001 0.21119999999999997 0.366 1.7349999999999999
7.9319999999999995 7.242 9.972000000000001 3.236 2.8789999999999996 -0.369 0.34199999999999997 0.2904 2.218
10.056 7.1339999999999995 7.859999999999999 -0.558 3.068 3.0469999999999997 0.39 0.2616 2.044
10.044 7.1819999999999995 7.895999999999999 -0.4179999999999999 3.236 2.9839999999999995 0.447 0.24719999999999998 2.824
7.17 7.92 10.181999999999999 3.3129999999999997 3.068 -0.7120000000000002 0.2502 0.3246 2.896
7.224 7.938000000000001 10.218 2.361 3.005 -0.34099999999999997 0.2808 0.3156 2.359
7.895999999999999 10.11 7.152000000000001 3.236 -0.5090000000000001 2.8649999999999993 0.33240000000000003 0.3942 1.969
7.938000000000001 10.187999999999999 7.2059999999999995 2.9979999999999998 -0.27100000000000013 2.774 0.2928 0.40800000000000003 2.437
10.128 7.218 7.890000000000001 -0.7540000000000002 3.0399999999999996 2.9909999999999997 0.363 0.2688 2.0170000000000003
7.200000000000001 7.950000000000001 9.918 2.6970000000000005 3.061 -0.42500000000000004 0.243 0.3534 2.104
7.92 7.26 10.116000000000001 3.2569999999999997 2.8299999999999996 -0.5789999999999997 0.2706 0.2424 1.612
7.943999999999999 7.236000000000001 10.194 3.229 2.7040000000000006 -0.278 0.3126 0.2724 2.0949999999999998
7.140000000000001 7.895999999999999 9.719999999999999 2.9139999999999997 3.117 -0.30600000000000005 0.2496 0.3084 2.719
9.822 7.145999999999999 7.895999999999999 -0.474 3.2079999999999997 2.8229999999999995 0.4362 0.22019999999999998 2.5540000000000003
7.926 9.858 7.1819999999999995 3.3480000000000003 -0.544 2.9699999999999998 0.31980000000000003 0.44639999999999996 3.358
7.176 7.9079999999999995 9.66 2.452 3.2430000000000003 -0.6280000000000001 0.243 0.3222 1.957
7.9079999999999995 7.212000000000001 10.133999999999999 3.222 2.662 -0.4039999999999999 0.3114 0.285 1.894
7.2059999999999995 7.902000000000001 10.086 2.9 3.306 -0.502 0.2598 0.294 2.101
7.17 7.92 9.984 3.019 3.0329999999999995 -0.5860000000000001 0.2436 0.351 2.944
7.145999999999999 7.878 10.152 3.2430000000000003 3.25 -0.7469999999999999 0.243 0.36179999999999995 2.584
7.938000000000001 7.23 10.032 2.9419999999999997 2.6270000000000002 -0.5510000000000002 0.3132 0.24779999999999996 2.263
7.9079999999999995 9.815999999999999 7.200000000000001 3.117 -0.43900000000000006 3.054 0.3126 0.43139999999999995 2.6590000000000003
7.914000000000001 9.984 7.1579999999999995 3.0469999999999997 -0.5090000000000001 2.6410000000000005 0.33240000000000003 0.41759999999999997 2.605
10.158 7.218 7.938000000000001 -0.5929999999999997 2.7950000000000004 3.1870000000000003 0.42779999999999996 0.2292 2.464
7.193999999999999 7.943999999999999 10.002 2.8020000000000005 3.194 -0.474 0.243 0.30119999999999997 1.8519999999999999
7.200000000000001 7.938000000000001 10.206 2.8719999999999994 2.9349999999999996 -0.53 0.2808 0.3312 2.512
7.938000000000001 7.23 10.128 3.075 2.5920000000000005 -0.6069999999999998 0.29519999999999996 0.28919999999999996 1.309
7.92 7.176 10.062000000000001 3.159 2.7040000000000006 -0.474 0.363 0.2118 2.194
7.1819999999999995 7.9079999999999995 9.996 2.774 3.236 -0.5929999999999997 0.2628 0.3168 2.428
7.17 7.878 10.026 3.3550000000000004 2.774 -0.6489999999999998 0.24 0.2712 2.737
10.074 7.164000000000001 7.890000000000001 -0.6560000000000001 3.117 2.732 0.3978 0.24779999999999996 2.209
7.212000000000001 7.943999999999999 9.984 2.606 3.068 -0.5510000000000002 0.309 0.29219999999999996 2.803
7.968 7.224 10.128 3.439 2.7600000000000007 -0.7820000000000003 0.28259999999999996 0.3156 2.536
7.926 7.218 10.05 3.334 2.7390000000000003 -0.5929999999999997 0.27 0.2694 1.945
9.99 7.152000000000001 7.92 -0.7260000000000002 3.061 2.6900000000000004 0.4092 0.2502 2.968
7.902000000000001 10.086 7.212000000000001 3.229 -0.43199999999999994 2.9 0.33959999999999996 0.3942 2.2960000000000003
9.984 7.140000000000001 7.8839999999999995 -0.502 2.907 2.9699999999999998 0.45599999999999996 0.2292 2.023
7.17 7.890000000000001 9.84 3.1029999999999998 2.8579999999999997 -0.6349999999999998 0.2412 0.3882 2.209
7.926 9.906 7.193999999999999 3.11 -0.6280000000000001 2.9909999999999997 0.3072 0.4266 1.816
7.23 7.914000000000001 10.062000000000001 2.487 2.7670000000000003 -0.45999999999999996 0.2592 0.34259999999999996 2.71
7.92 10.032 7.1819999999999995 2.7600000000000007 -0.4950000000000001 2.9139999999999997 0.345 0.41519999999999996 2.503
7.938000000000001 10.158 7.152000000000001 2.907 -0.502 2.9209999999999994 0.3186 0.3684 3.0669999999999997
7.926 9.966000000000001 7.176 3.215 -0.53 2.6900000000000004 0.33899999999999997 0.41279999999999994 2.02
7.128 7.902000000000001 9.894 3.341 2.9419999999999997 -0.6069999999999998 0.2592 0.32580000000000003 1.804
7.152000000000001 7.914000000000001 10.002 2.725 3.0469999999999997 -0.6420000000000001 0.24539999999999998 0.3372 3.019
7.950000000000001 10.272 7.200000000000001 3.012 -0.43199999999999994 2.6970000000000005 0.33540000000000003 0.417 2.137
7.23 7.938000000000001 9.996 2.9139999999999997 3.138 -0.502 0.25439999999999996 0.3282 2.56
7.926 9.924 7.212000000000001 3.3129999999999997 -0.6000000000000001 3.166 0.3036 0.41100000000000003 2.7159999999999997
7.968 7.218 10.176 3.4530000000000003 2.2769999999999997 -0.6140000000000001 0.2958 0.2802 2.6590000000000003
7.926 9.948 7.236000000000001 3.2430000000000003 -0.8519999999999999 3.3689999999999998 0.3156 0.4512 2.707
9.924 7.176 7.914000000000001 -0.4179999999999999 3.173 3.159 0.4038 0.2532 1.942
7.92 9.906 7.2059999999999995 2.8719999999999994 -0.488 3.2430000000000003 0.3384 0.402 2.536
7.926 7.224 10.128 3.2009999999999996 2.5850000000000004 -0.4039999999999999 0.3336 0.2562 2.104
7.1339999999999995 7.914000000000001 9.798 3.2920000000000003 2.8649999999999993 -0.6629999999999998 0.2298 0.3372 2.437
7.974 7.176 10.308 3.544 2.8719999999999994 -0.6769999999999998 0.3108 0.2898 2.515
7.212000000000001 7.92 9.936 2.5920000000000005 3.222 -0.6280000000000001 0.2964 0.3054 1.8699999999999999
7.968 7.2540000000000004 9.996 3.1870000000000003 2.893 -0.5230000000000001 0.3072 0.24779999999999996 2.44
9.906 7.23 7.950000000000001 -0.6769999999999998 2.5920000000000005 3.117 0.3858 0.2652 1.969
10.11 7.212000000000001 7.950000000000001 -0.43900000000000006 2.9699999999999998 3.2009999999999996 0.44279999999999997 0.25139999999999996 2.116
7.17 7.890000000000001 10.194 2.8369999999999997 2.774 -0.4950000000000001 0.21539999999999998 0.3036 2.437
7.1819999999999995 7.878 9.93 2.907 3.012 -0.5370000000000001 0.20639999999999997 0.34679999999999994 2.962
7.236000000000001 7.92 10.038 2.7390000000000003 2.9909999999999997 -0.474 0.28559999999999997 0.33540000000000003 2.053
7.1819999999999995 7.926 10.056 2.8649999999999993 3.278 -0.6209999999999998 0.25739999999999996 0.321 3.121
7.1579999999999995 7.9079999999999995 9.870000000000001 3.2920000000000003 2.9139999999999997 -0.53 0.25139999999999996 0.36419999999999997 2.284
7.943999999999999 7.224 10.181999999999999 3.327 2.7040000000000006 -0.4950000000000001 0.29159999999999997 0.28559999999999997 1.822
7.902000000000001 9.870000000000001 7.164000000000001 2.9909999999999997 -0.6069999999999998 2.949 0.279 0.432 2.731
7.193999999999999 7.938000000000001 9.966000000000001 3.0889999999999995 3.215 -0.5650000000000002 0.2304 0.3222 2.089
10.116000000000001 7.193999999999999 7.902000000000001 -0.6209999999999998 2.8020000000000005 3.0959999999999996 0.42779999999999996 0.2388 2.2359999999999998
9.719999999999999 7.224 7.902000000000001 -0.5860000000000001 2.4379999999999997 3.082 0.4488 0.2382 2.002
10.020000000000001 7.23 7.950000000000001 -0.5720000000000001 2.907 3.25 0.39540000000000003 0.2712 2.116
7.164000000000001 7.902000000000001 10.002 3.376 3.278 -0.6209999999999998 0.2352 0.35819999999999996 2.182
7.176 7.878 9.804 3.005 2.9699999999999998 -0.6280000000000001 0.25079999999999997 0.33779999999999993 3.064
7.926 7.1819999999999995 10.176 3.222 2.6270000000000002 -0.45999999999999996 0.2928 0.28919999999999996 1.894
7.926 9.870000000000001 7.193999999999999 3.215 -0.7260000000000002 2.8579999999999997 0.2994 0.4206 2.377
10.032 7.188000000000001 7.9079999999999995 -0.383 2.9209999999999994 2.8859999999999997 0.41759999999999997 0.25439999999999996 2.5780000000000003
7.914000000000001 7.2059999999999995 10.116000000000001 3.32 2.4939999999999998 -0.8169999999999998 0.285 0.2616 1.978
9.870000000000001 7.1819999999999995 7.872 -0.5230000000000001 3.005 3.1029999999999998 0.4548 0.2364 2.7279999999999998
7.2059999999999995 7.902000000000001 9.966000000000001 2.9419999999999997 2.949 -0.6280000000000001 0.2934 0.309 2.275
9.924 7.212000000000001 7.968 -0.5230000000000001 2.62 2.8649999999999993 0.39540000000000003 0.3312 2.383
7.164000000000001 7.9079999999999995 10.206 3.1449999999999996 2.7530000000000006 -0.44599999999999995 0.2316 0.3444 1.954
7.164000000000001 7.914000000000001 9.906 3.117 2.963 -0.5720000000000001 0.24779999999999996 0.35519999999999996 2.143
7.17 7.859999999999999 9.858 3.0959999999999996 2.9839999999999995 -0.5090000000000001 0.24899999999999997 0.324 2.386
7.9079999999999995 10.032 7.193999999999999 3.1029999999999998 -0.7469999999999999 2.7390000000000003 0.33779999999999993 0.387 2.884
9.852 7.2059999999999995 7.938000000000001 -0.5720000000000001 2.669 3.537 0.43139999999999995 0.2622 2.239
7.962000000000001 7.200000000000001 9.936 3.334 2.8299999999999996 -0.3340000000000001 0.3162 0.30119999999999997 1.981
7.938000000000001 9.894 7.2059999999999995 3.159 -0.369 2.7110000000000003 0.3138 0.41579999999999995 3.0100000000000002
7.950000000000001 7.23 10.128 3.362 3.2009999999999996 -0.7049999999999998 0.24 0.3972 3.085
7.895999999999999 10.020000000000001 7.176 2.9769999999999994 -0.4670000000000001 2.9419999999999997 0.327 0.3972 2.332
7.9319999999999995 9.954 7.164000000000001 2.8020000000000005 -0.6700000000000002 3.1449999999999996 0.34379999999999994 0.42719999999999997 2.746
10.104 7.200000000000001 7.92 -0.5650000000000002 3.166 2.8299999999999996 0.42179999999999995 0.2532 2.7279999999999998
7.92 9.822 7.236000000000001 3.11 -0.6909999999999998 2.7600000000000007 0.34079999999999994 0.4644 2.836
7.224 7.92 9.936 3.019 2.7880000000000003 -0.5090000000000001 0.2742 0.327 2.299
7.193999999999999 7.902000000000001 10.218 2.9209999999999994 3.1310000000000002 -0.5720000000000001 0.2286 0.3132 1.816
10.092 7.188000000000001 7.938000000000001 -0.4950000000000001 2.781 3.25 0.41939999999999994 0.2748 2.515
7.9799999999999995 7.3020000000000005 10.074 3.544 2.5850000000000004 -0.5230000000000001 0.33180000000000004 0.2688 2.899
7.926 10.122 7.188000000000001 3.236 -0.3759999999999999 2.893 0.33180000000000004 0.41279999999999994 2.5540000000000003
10.2 7.164000000000001 7.914000000000001 -0.6000000000000001 2.907 3.054 0.4356 0.2688 1.639
9.792 7.2059999999999995 7.902000000000001 -0.4670000000000001 2.8369999999999997 2.725 0.4116 0.2244 1.54
7.943999999999999 7.200000000000001 10.074 3.334 2.8299999999999996 -0.236 0.31980000000000003 0.24719999999999998 3.358
7.962000000000001 7.2540000000000004 10.116000000000001 3.1449999999999996 2.781 -0.4179999999999999 0.279 0.3078 2.407
7.218 7.902000000000001 10.187999999999999 2.669 3.327 -0.6140000000000001 0.24779999999999996 0.33779999999999993 2.512
7.1819999999999995 7.8839999999999995 9.834 2.718 2.9419999999999997 -0.4810000000000001 0.2352 0.34379999999999994 2.488
7.1819999999999995 7.902000000000001 10.181999999999999 2.7880000000000003 3.061 -0.6000000000000001 0.2754 0.3366 1.942
7.895999999999999 9.822 7.236000000000001 3.4530000000000003 -0.43900000000000006 2.7670000000000003 0.318 0.429 1.84
10.05 7.2059999999999995 7.92 -0.5510000000000002 2.9 3.3550000000000004 0.4386 0.2436 2.359
7.895999999999999 9.96 7.200000000000001 2.963 -0.4950000000000001 3.222 0.306 0.42779999999999996 2.59
7.9319999999999995 7.193999999999999 9.99 3.11 2.7880000000000003 -0.5230000000000001 0.261 0.294 1.744
7.943999999999999 7.212000000000001 10.128 3.278 2.6480000000000006 -0.5370000000000001 0.3852 0.25739999999999996 2.3289999999999997
7.152000000000001 7.92 9.93 2.9419999999999997 2.8159999999999994 -0.5860000000000001 0.1998 0.35279999999999995 2.323
7.1819999999999995 7.914000000000001 10.272 3.019 3.18 -0.6420000000000001 0.21239999999999998 0.34919999999999995 3.052
7.890000000000001 10.068000000000001 7.1579999999999995 2.8649999999999993 -0.45300000000000007 2.6830000000000003 0.3684 0.42239999999999994 2.026
10.17 7.2059999999999995 7.9319999999999995 -0.544 2.949 3.2990000000000004 0.3858 0.2736 2.374
7.1579999999999995 7.92 9.966000000000001 2.9 3.383 -0.8939999999999999 0.2364 0.34679999999999994 1.7890000000000001
7.200000000000001 7.9079999999999995 10.020000000000001 2.6900000000000004 3.1519999999999997 -0.6420000000000001 0.33540000000000003 0.2616 2.032
7.17 7.926 9.948 2.8859999999999997 3.229 -0.6980000000000002 0.2412 0.3144 1.942
7.9079999999999995 9.696 7.1819999999999995 3.012 -0.6560000000000001 3.3550000000000004 0.2724 0.43139999999999995 2.491
10.176 7.188000000000001 7.914000000000001 -0.5090000000000001 2.8020000000000005 3.068 0.3684 0.2502 1.984
9.948 7.212000000000001 7.938000000000001 -0.5789999999999997 2.963 3.2009999999999996 0.3906 0.26039999999999996 2.707
9.93 7.188000000000001 7.9079999999999995 -0.6280000000000001 3.082 3.229 0.4362 0.267 2.836
10.2 7.2059999999999995 7.890000000000001 -0.6069999999999998 3.019 3.0469999999999997 0.42779999999999996 0.264 2.2359999999999998
7.2059999999999995 7.938000000000001 9.966000000000001 2.6830000000000003 3.362 -0.5720000000000001 0.26639999999999997 0.3366 2.209
7.938000000000001 7.2059999999999995 10.08 2.9909999999999997 2.6480000000000006 -0.6560000000000001 0.34019999999999995 0.2844 1.561
10.092 7.23 7.926 -0.45300000000000007 2.5920000000000005 3.362 0.44339999999999996 0.25439999999999996 2.878
10.014 7.188000000000001 7.9319999999999995 -0.6000000000000001 2.844 3.2430000000000003 0.4122 0.24839999999999998 2.0170000000000003
9.725999999999999 7.2059999999999995 7.902000000000001 -0.6000000000000001 3.082 2.907 0.4008 0.2796 2.122
7.1819999999999995 7.9079999999999995 10.05 3.215 2.9909999999999997 -0.53 0.24899999999999997 0.3174 1.699
7.200000000000001 7.914000000000001 9.942 2.9769999999999994 3.1870000000000003 -0.7400000000000002 0.255 0.3222 2.854
7.943999999999999 9.876000000000001 7.17 2.8719999999999994 -0.4810000000000001 3.25 0.32880000000000004 0.3948 1.603
7.926 9.918 7.1819999999999995 3.026 -0.5650000000000002 2.9209999999999994 0.35819999999999996 0.3822 2.644
7.212000000000001 7.92 9.948 3.0959999999999996 3.222 -0.45999999999999996 0.2682 0.2928 2.251
9.96 7.145999999999999 7.902000000000001 -0.5929999999999997 3.3129999999999997 2.8020000000000005 0.4098 0.2598 2.263
9.954 7.152000000000001 7.895999999999999 -0.4670000000000001 3.1519999999999997 3.068 0.37379999999999997 0.2352 3.4210000000000003
7.968 7.23 10.020000000000001 3.054 2.8859999999999997 -0.7540000000000002 0.3384 0.28919999999999996 3.1149999999999998
7.895999999999999 10.014 7.200000000000001 3.1449999999999996 -0.6280000000000001 2.7390000000000003 0.3282 0.4488 1.915
7.890000000000001 9.99 7.26 2.9769999999999994 -0.45300000000000007 2.361 0.35159999999999997 0.4008 1.282
7.9559999999999995 7.2540000000000004 10.104 3.054 2.4730000000000003 -0.7540000000000002 0.351 0.2802 2.335
7.902000000000001 9.780000000000001 7.193999999999999 3.173 -0.6700000000000002 2.8719999999999994 0.3174 0.42 2.335
7.9079999999999995 10.116000000000001 7.1819999999999995 3.215 -0.5230000000000001 2.907 0.36719999999999997 0.423 1.762
9.792 7.2059999999999995 7.902000000000001 -0.45300000000000007 3.0889999999999995 3.18 0.41879999999999995 0.2502 2.695
9.966000000000001 7.218 7.9319999999999995 -0.544 2.844 2.718 0.3906 0.3234 3.118
7.1819999999999995 7.8839999999999995 9.924 2.8159999999999994 3.0329999999999995 -0.42500000000000004 0.255 0.3534 1.756
7.145999999999999 7.914000000000001 9.924 2.963 3.0469999999999997 -0.6000000000000001 0.23399999999999999 0.34919999999999995 1.8370000000000002
7.17 7.8839999999999995 10.17 3.005 3.0889999999999995 -0.7260000000000002 0.20759999999999998 0.37379999999999997 2.7399999999999998
7.914000000000001 9.906 7.164000000000001 2.8159999999999994 -0.5650000000000002 3.061 0.3576 0.35819999999999996 2.2960000000000003
7.968 10.020000000000001 7.26 3.0399999999999996 -0.3550000000000002 2.543 0.3366 0.40440000000000004 2.125
10.038 7.17 7.9079999999999995 -0.5370000000000001 3.012 3.0469999999999997 0.45539999999999997 0.26039999999999996 2.149
7.9079999999999995 9.996 7.242 2.9139999999999997 -0.5510000000000002 3.075 0.3 0.447 2.686
10.325999999999999 7.2059999999999995 7.914000000000001 -0.7400000000000002 2.8299999999999996 3.124 0.4068 0.273 2.224
10.098 7.145999999999999 7.914000000000001 -0.6069999999999998 3.1310000000000002 3.222 0.43739999999999996 0.2622 2.41
7.1579999999999995 7.8839999999999995 10.014 3.026 2.6550000000000002 -0.544 0.22019999999999998 0.3444 3.367
7.890000000000001 9.948 7.176 2.9209999999999994 -0.6560000000000001 3.0889999999999995 0.297 0.43739999999999996 2.2960000000000003
9.882 7.2059999999999995 7.943999999999999 -0.5860000000000001 3.019 3.362 0.423 0.2754 2.542
7.1579999999999995 7.878 10.062000000000001 3.1029999999999998 3.229 -0.6980000000000002 0.2346 0.34859999999999997 2.2720000000000002
7.1579999999999995 7.8839999999999995 9.996 2.907 2.732 -0.6420000000000001 0.261 0.35279999999999995 3.961
9.894 7.164000000000001 7.890000000000001 -0.3759999999999999 3.061 2.9279999999999995 0.4542 0.24599999999999997 2.245
7.974 7.200000000000001 10.133999999999999 3.082 2.6270000000000002 -0.5929999999999997 0.312 0.2748 3.106
7.17 7.902000000000001 10.032 3.229 3.061 -0.488 0.258 0.3132 1.909
7.9079999999999995 9.948 7.242 2.9769999999999994 -0.7260000000000002 3.11 0.28919999999999996 0.4578 2.569
7.943999999999999 10.008 7.200000000000001 3.138 -0.5230000000000001 2.41 0.34559999999999996 0.3936 3.145
7.176 7.878 10.026 2.7670000000000003 3.271 -0.5510000000000002 0.2658 0.3246 2.593
7.212000000000001 7.92 10.044 2.9209999999999994 2.9839999999999995 -0.42500000000000004 0.26639999999999997 0.33480000000000004 2.611
9.99 7.1819999999999995 7.872 -0.7329999999999999 2.8649999999999993 3.054 0.37079999999999996 0.2586 2.194
9.911999999999999 7.200000000000001 7.9319999999999995 -0.5370000000000001 2.8229999999999995 3.18 0.4356 0.30419999999999997 2.851
7.926 9.984 7.145999999999999 3.264 -0.45300000000000007 2.8579999999999997 0.3018 0.438 1.531
7.1579999999999995 7.92 10.164 3.117 2.7670000000000003 -0.6769999999999998 0.22139999999999999 0.33540000000000003 3.787
10.032 7.212000000000001 7.9559999999999995 -0.6489999999999998 2.8719999999999994 2.8719999999999994 0.41040000000000004 0.2226 1.957
7.902000000000001 7.218 10.056 2.907 2.5850000000000004 -0.43900000000000006 0.3444 0.279 1.876
7.902000000000001 9.864 7.176 3.0889999999999995 -0.6349999999999998 2.963 0.34379999999999994 0.3948 2.833
7.212000000000001 7.9319999999999995 10.020000000000001 2.6480000000000006 2.8859999999999997 -0.5720000000000001 0.2562 0.33480000000000004 1.8370000000000002
7.950000000000001 7.2059999999999995 10.152 3.3129999999999997 2.9 -0.3480000000000001 0.2868 0.255 2.518
9.978 7.140000000000001 7.914000000000001 -0.6000000000000001 2.781 2.9979999999999998 0.366 0.2988 2.83
10.026 7.2059999999999995 7.950000000000001 -0.5650000000000002 2.844 3.019 0.384 0.273 2.971
10.032 7.218 7.9079999999999995 -0.45999999999999996 2.9279999999999995 3.1029999999999998 0.3888 0.29519999999999996 3.226
7.176 7.890000000000001 9.815999999999999 3.236 2.7390000000000003 -0.6000000000000001 0.24539999999999998 0.37379999999999997 2.335
7.943999999999999 7.212000000000001 10.074 3.25 2.5780000000000003 -0.3759999999999999 0.3084 0.28259999999999996 1.51
7.1579999999999995 7.914000000000001 10.11 2.676 2.7040000000000006 -0.5789999999999997 0.25439999999999996 0.33779999999999993 1.891
7.938000000000001 7.224 10.038 3.215 3.1310000000000002 -0.5929999999999997 0.33240000000000003 0.2778 2.29
7.92 10.290000000000001 7.145999999999999 3.11 -0.488 2.9419999999999997 0.3282 0.42419999999999997 2.809
7.128 7.926 9.966000000000001 2.9139999999999997 2.9769999999999994 -0.6209999999999998 0.25739999999999996 0.3036 2.35
7.104000000000001 7.92 10.014 2.9839999999999995 3.236 -0.7960000000000003 0.3102 0.282 2.434
7.962000000000001 9.9 7.1579999999999995 3.1029999999999998 -0.6280000000000001 3.075 0.3216 0.4422 2.0170000000000003
7.2059999999999995 7.914000000000001 9.81 2.7950000000000004 3.012 -0.4039999999999999 0.2556 0.3576 2.29
7.1819999999999995 7.92 9.804 2.8719999999999994 2.8789999999999996 -0.5720000000000001 0.2382 0.3096 1.918
7.1819999999999995 7.895999999999999 10.098 2.8649999999999993 2.9979999999999998 -0.5720000000000001 0.2742 0.3168 2.2569999999999997
7.200000000000001 7.895999999999999 9.852 3.1449999999999996 2.7880000000000003 -0.6629999999999998 0.2496 0.3336 2.026
7.938000000000001 9.954 7.2059999999999995 3.229 -0.8309999999999998 2.9209999999999994 0.3 0.4548 3.205
7.914000000000001 10.062000000000001 7.176 3.1870000000000003 -0.6209999999999998 2.6270000000000002 0.3 0.4098 2.542
7.9319999999999995 7.212000000000001 10.098 3.138 2.7390000000000003 -0.43900000000000006 0.2958 0.2796 3.286
7.962000000000001 9.9 7.193999999999999 3.026 -0.4179999999999999 2.9209999999999994 0.2958 0.4626 2.377
7.188000000000001 7.854000000000001 9.972000000000001 3.11 2.9419999999999997 -0.9009999999999999 0.2424 0.3216 2.287
9.966000000000001 7.2540000000000004 7.92 -0.6560000000000001 2.6270000000000002 3.061 0.41759999999999997 0.2286 2.836
7.224 7.943999999999999 10.128 2.7530000000000006 3.1449999999999996 -0.7469999999999999 0.252 0.3312 1.96
7.968 7.236000000000001 10.092 3.082 2.6480000000000006 -0.544 0.3306 0.2946 2.158
7.152000000000001 7.890000000000001 9.918 2.732 3.173 -0.5230000000000001 0.20520000000000002 0.351 2.524
7.164000000000001 7.92 10.08 2.9909999999999997 2.8719999999999994 -0.6629999999999998 0.2718 0.2928 2.17
9.906 7.152000000000001 7.890000000000001 -0.6140000000000001 3.229 3.18 0.4026 0.2208 2.7729999999999997
7.2059999999999995 7.92 10.176 2.6900000000000004 3.0399999999999996 -0.7749999999999999 0.28619999999999995 0.30119999999999997 2.005
7.212000000000001 7.938000000000001 10.026 2.7530000000000006 3.2079999999999997 -0.5929999999999997 0.24899999999999997 0.35879999999999995 2.722
9.876000000000001 7.23 7.926 -0.43199999999999994 2.466 3.39 0.3804 0.294 1.756
7.943999999999999 9.978 7.176 3.068 -0.41100000000000003 2.7950000000000004 0.3246 0.41819999999999996 1.927
7.23 7.914000000000001 10.146 2.8579999999999997 3.138 -0.45999999999999996 0.2742 0.3084 2.182
7.926 9.714 7.200000000000001 3.138 -0.7189999999999999 3.1449999999999996 0.29819999999999997 0.42839999999999995 3.037
10.038 7.212000000000001 7.9319999999999995 -0.45999999999999996 2.599 3.173 0.42839999999999995 0.273 2.227
7.950000000000001 7.23 9.894 3.285 2.5360000000000005 -0.6420000000000001 0.34259999999999996 0.24899999999999997 2.1790000000000003
9.804 7.176 7.92 -0.474 2.508 3.082 0.4266 0.2274 1.93
9.876000000000001 7.1819999999999995 7.9079999999999995 -0.6420000000000001 2.7530000000000006 3.3550000000000004 0.43739999999999996 0.24180000000000001 1.7890000000000001
7.17 7.895999999999999 9.93 2.907 2.907 -0.6280000000000001 0.2424 0.345 2.419
9.996 7.2059999999999995 7.902000000000001 -0.4950000000000001 3.166 2.9979999999999998 0.429 0.2592 2.584
7.193999999999999 7.8660000000000005 10.056 2.9139999999999997 2.907 -0.6980000000000002 0.198 0.36419999999999997 3.04
7.914000000000001 7.152000000000001 10.128 3.2990000000000004 2.7460000000000004 -0.5929999999999997 0.3138 0.2496 2.17
9.918 7.193999999999999 7.9559999999999995 -0.6069999999999998 2.718 2.7880000000000003 0.4116 0.261 3.226
10.074 7.176 7.902000000000001 -0.397 2.6270000000000002 3.0959999999999996 0.42839999999999995 0.26039999999999996 3.097
7.92 7.224 10.032 3.5790000000000006 2.718 -0.5510000000000002 0.29519999999999996 0.2592 2.056
9.876000000000001 7.224 7.968 -0.516 2.7880000000000003 3.082 0.477 0.24659999999999999 1.726
7.2059999999999995 7.943999999999999 9.978 2.774 3.11 -0.6209999999999998 0.24599999999999997 0.33959999999999996 3.13
7.914000000000001 9.768 7.212000000000001 3.0959999999999996 -0.544 2.956 0.3654 0.39840000000000003 2.437
7.9319999999999995 7.224 10.008 3.264 3.054 -0.5370000000000001 0.2934 0.2646 1.7229999999999999
7.968 7.26 10.272 2.9839999999999995 2.5850000000000004 -0.502 0.3114 0.2688 2.605
7.926 9.984 7.236000000000001 3.054 -0.516 3.0399999999999996 0.32280000000000003 0.4452 2.563
7.164000000000001 7.878 9.846 3.327 3.0889999999999995 -0.7329999999999999 0.25379999999999997 0.3186 2.365
7.902000000000001 10.092 7.200000000000001 3.019 -0.502 2.5360000000000005 0.3294 0.4086 2.449
9.948 7.1819999999999995 7.895999999999999 -0.3550000000000002 2.844 3.2009999999999996 0.44639999999999996 0.25139999999999996 2.02
7.17 7.895999999999999 10.062000000000001 3.075 3.082 -0.7260000000000002 0.2562 0.3246 3.202
7.914000000000001 10.008 7.193999999999999 3.25 -0.474 3.026 0.3048 0.43439999999999995 2.221
7.9079999999999995 10.014 7.176 3.229 -0.41100000000000003 2.8020000000000005 0.303 0.4698 2.665
10.020000000000001 7.224 7.9319999999999995 -0.7329999999999999 2.949 3.2009999999999996 0.405 0.2598 2.428
7.92 9.972000000000001 7.188000000000001 3.2009999999999996 -0.6489999999999998 3.278 0.3168 0.42779999999999996 1.975
7.2059999999999995 7.926 10.008 2.55 3.481 -0.43199999999999994 0.2532 0.354 1.924
10.092 7.224 7.902000000000001 -0.8029999999999998 2.6340000000000003 2.9139999999999997 0.41639999999999994 0.2676 2.293
7.193999999999999 7.974 10.086 2.949 3.236 -0.7680000000000002 0.2616 0.32280000000000003 1.939
7.1819999999999995 7.914000000000001 10.05 3.054 2.9209999999999994 -0.5370000000000001 0.261 0.3162 2.7039999999999997
7.224 7.950000000000001 9.978 2.8859999999999997 3.1519999999999997 -0.45999999999999996 0.261 0.3174 2.893
9.882 7.176 7.902000000000001 -0.6069999999999998 2.8719999999999994 3.124 0.4506 0.24719999999999998 2.332
7.938000000000001 10.212 7.193999999999999 3.1870000000000003 -0.30600000000000005 2.7530000000000006 0.2838 0.396 1.7349999999999999
7.968 7.218 9.99 3.5650000000000004 2.8090000000000006 -0.42500000000000004 0.2928 0.2556 2.002
7.128 7.9079999999999995 9.948 2.8859999999999997 3.005 -0.5370000000000001 0.28259999999999996 0.34379999999999994 1.996
7.92 7.176 10.128 3.495 2.6270000000000002 -0.502 0.3078 0.25139999999999996 2.134
7.9319999999999995 7.23 9.936 3.159 2.9769999999999994 -0.264 0.29159999999999997 0.2724 2.737
7.164000000000001 7.902000000000001 9.942 3.082 3.0959999999999996 -0.6840000000000002 0.237 0.39540000000000003 2.08
7.914000000000001 10.242 7.1819999999999995 3.061 -0.4950000000000001 2.8719999999999994 0.35279999999999995 0.402 2.461
9.972000000000001 7.188000000000001 7.902000000000001 -0.6280000000000001 3.1029999999999998 2.9349999999999996 0.44279999999999997 0.2502 2.149
7.9319999999999995 10.038 7.212000000000001 2.963 -0.6629999999999998 2.851 0.3222 0.42719999999999997 2.473
10.104 7.236000000000001 7.92 -0.6769999999999998 2.8789999999999996 3.1029999999999998 0.4356 0.2346 1.8519999999999999
7.943999999999999 7.176 10.104 3.1449999999999996 2.6340000000000003 -0.5370000000000001 0.3024 0.2772 2.752
7.193999999999999 7.902000000000001 10.086 3.0469999999999997 2.9419999999999997 -0.5370000000000001 0.219 0.3138 3.169
7.2059999999999995 7.92 10.056 2.781 3.194 -0.502 0.2496 0.3576 2.461
9.99 7.200000000000001 7.938000000000001 -0.5929999999999997 3.0399999999999996 2.9839999999999995 0.44279999999999997 0.2424 2.2030000000000003
7.224 7.938000000000001 10.008 2.8789999999999996 3.0889999999999995 -0.6000000000000001 0.2598 0.2724 2.1790000000000003
7.92 9.948 7.218 2.963 -0.5510000000000002 3.019 0.3192 0.4386 2.887
9.948 7.17 7.938000000000001 -0.6629999999999998 2.9769999999999994 2.9979999999999998 0.41100000000000003 0.26639999999999997 3.1719999999999997
10.116000000000001 7.1819999999999995 7.926 -0.7120000000000002 2.8789999999999996 3.0329999999999995 0.41279999999999994 0.285 2.2030000000000003
10.128 7.224 7.968 -0.4810000000000001 2.8859999999999997 3.166 0.42719999999999997 0.30119999999999997 2.923
7.1819999999999995 7.890000000000001 10.176 3.012 2.893 -0.7609999999999999 0.2286 0.32880000000000004 1.987
7.193999999999999 7.914000000000001 9.780000000000001 2.956 2.8299999999999996 -0.6000000000000001 0.2592 0.3192 3.235
9.822 7.218 7.926 -0.474 2.6550000000000002 3.2009999999999996 0.4362 0.2946 2.452
9.978 7.1339999999999995 7.902000000000001 -0.7820000000000003 2.718 3.1310000000000002 0.4446 0.2394 1.915
9.972000000000001 7.193999999999999 7.902000000000001 -0.516 3.124 3.11 0.41879999999999995 0.2562 1.585
9.911999999999999 7.164000000000001 7.902000000000001 -0.6349999999999998 2.781 3.11 0.40740000000000004 0.267 2.185
7.926 9.894 7.2059999999999995 3.082 -0.3759999999999999 2.844 0.34019999999999995 0.43079999999999996 2.41
10.176 7.193999999999999 7.9319999999999995 -0.502 2.676 3.0329999999999995 0.4572 0.2286 2.068
7.9079999999999995 9.954 7.218 2.9279999999999995 -0.7260000000000002 2.9909999999999997 0.312 0.44279999999999997 2.599
7.895999999999999 10.254 7.212000000000001 3.0399999999999996 -0.44599999999999995 2.6340000000000003 0.369 0.3762 2.29
7.926 7.2059999999999995 10.17 3.439 2.956 -0.7400000000000002 0.291 0.2682 2.3200000000000003
7.200000000000001 7.8839999999999995 9.942 2.9699999999999998 2.963 -0.5370000000000001 0.23399999999999999 0.3174 2.854
7.943999999999999 10.164 7.2059999999999995 2.9699999999999998 -0.3759999999999999 2.6970000000000005 0.3414 0.3654 1.969
9.978 7.176 7.92 -0.6420000000000001 3.2009999999999996 3.2009999999999996 0.4356 0.2208 2.572
7.9559999999999995 10.086 7.200000000000001 2.907 -0.42500000000000004 2.4939999999999998 0.3234 0.43019999999999997 2.644
7.962000000000001 7.212000000000001 10.098 3.124 2.487 -0.3340000000000001 0.327 0.2562 2.6590000000000003
7.895999999999999 9.894 7.1579999999999995 3.1449999999999996 -0.7469999999999999 2.9419999999999997 0.306 0.42839999999999995 2.473
7.9319999999999995 9.858 7.188000000000001 3.012 -0.7120000000000002 2.669 0.3132 0.43979999999999997 2.443
7.92 7.188000000000001 10.11 3.138 2.606 -0.42500000000000004 0.34199999999999997 0.2562 2.074
7.895999999999999 10.014 7.164000000000001 2.9279999999999995 -0.6069999999999998 2.8159999999999994 0.3078 0.4296 2.086
7.914000000000001 9.822 7.122 3.215 -0.6909999999999998 2.963 0.29219999999999996 0.4476 2.026
7.9319999999999995 7.26 10.092 3.2569999999999997 3.159 -0.6069999999999998 0.34079999999999994 0.2646 2.41
7.950000000000001 7.212000000000001 10.158 3.2009999999999996 2.851 -0.31299999999999994 0.28559999999999997 0.2802 2.878
9.864 7.1819999999999995 7.9079999999999995 -0.6980000000000002 3.138 3.124 0.438 0.24 1.792
7.938000000000001 9.858 7.212000000000001 3.019 -0.6769999999999998 3.2009999999999996 0.3306 0.4806 2.167
7.1819999999999995 7.895999999999999 9.918 3.0329999999999995 3.25 -0.6489999999999998 0.2388 0.3654 1.909
10.086 7.193999999999999 7.895999999999999 -0.44599999999999995 2.62 3.2920000000000003 0.384 0.2874 2.104
10.164 7.218 7.9559999999999995 -0.4950000000000001 2.9139999999999997 3.1029999999999998 0.44639999999999996 0.2526 1.882
7.176 7.890000000000001 9.792 3.054 2.8229999999999995 -0.7260000000000002 0.22019999999999998 0.3366 2.3289999999999997
7.895999999999999 9.924 7.212000000000001 3.362 -0.7260000000000002 2.907 0.3168 0.42839999999999995 2.575
9.858 7.193999999999999 7.938000000000001 -0.7260000000000002 3.3970000000000002 3.1029999999999998 0.4566 0.24 2.173
7.9079999999999995 10.14 7.224 3.306 -0.41100000000000003 2.6340000000000003 0.3138 0.41519999999999996 1.81
7.9079999999999995 10.11 7.2059999999999995 3.173 -0.6420000000000001 2.9209999999999994 0.34919999999999995 0.42539999999999994 2.182
9.864 7.224 7.92 -0.5929999999999997 2.844 2.949 0.4026 0.2424 3.214
7.902000000000001 10.152 7.200000000000001 3.117 -0.369 2.8579999999999997 0.3138 0.39 2.002
7.914000000000001 10.092 7.224 3.2009999999999996 -0.5090000000000001 2.9769999999999994 0.2808 0.42179999999999995 2.2329999999999997
10.092 7.2059999999999995 7.92 -0.7749999999999999 2.8859999999999997 3.341 0.48779999999999996 0.3054 1.894
7.950000000000001 7.23 10.116000000000001 3.173 2.8299999999999996 -0.7329999999999999 0.3336 0.2958 2.776
10.038 7.193999999999999 7.902000000000001 -0.6349999999999998 3.061 3.215 0.4026 0.24779999999999996 2.146
7.9319999999999995 7.236000000000001 10.086 3.222 2.732 -0.45999999999999996 0.2874 0.30419999999999997 1.897
7.914000000000001 9.864 7.193999999999999 3.138 -0.6560000000000001 2.963 0.2838 0.4548 2.917
7.895999999999999 9.966000000000001 7.236000000000001 2.9419999999999997 -0.278 2.7950000000000004 0.369 0.378 2.695
7.9079999999999995 7.17 10.056 3.2569999999999997 2.4730000000000003 -0.4810000000000001 0.336 0.2658 2.587
7.176 7.914000000000001 10.074 2.8159999999999994 2.9839999999999995 -0.544 0.2688 0.3306 3.469
7.926 7.23 10.098 3.2430000000000003 2.8090000000000006 -0.6769999999999998 0.3186 0.2766 1.771
7.2059999999999995 7.9319999999999995 9.911999999999999 2.459 3.019 -0.558 0.24599999999999997 0.3636 2.545
9.978 7.193999999999999 7.92 -0.7049999999999998 3.068 2.8789999999999996 0.43139999999999995 0.2298 2.395
7.152000000000001 7.943999999999999 10.122 2.7670000000000003 2.949 -0.7400000000000002 0.2778 0.34619999999999995 2.536
9.708 7.2059999999999995 7.9559999999999995 -0.7260000000000002 2.8229999999999995 3.229 0.3936 0.2658 1.96
7.914000000000001 9.936 7.212000000000001 3.019 -0.6000000000000001 3.1029999999999998 0.3276 0.414 2.956
7.9319999999999995 10.074 7.212000000000001 3.215 -0.5230000000000001 2.62 0.336 0.41819999999999996 2.3440000000000003
7.1819999999999995 7.926 10.008 3.271 3.271 -0.544 0.252 0.34079999999999994 2.158
7.943999999999999 9.954 7.1579999999999995 2.956 -0.5929999999999997 2.8090000000000006 0.2928 0.42179999999999995 2.911
7.938000000000001 9.911999999999999 7.17 3.285 -0.5370000000000001 2.7670000000000003 0.2964 0.45539999999999997 1.996
9.99 7.2059999999999995 7.895999999999999 -0.6700000000000002 3.0959999999999996 2.9769999999999994 0.3948 0.27 2.443
7.218 7.938000000000001 10.254 2.508 3.229 -0.7260000000000002 0.24779999999999996 0.3234 2.875
7.968 9.954 7.164000000000001 3.1029999999999998 -0.6700000000000002 2.599 0.3282 0.4362 1.945
7.9079999999999995 9.972000000000001 7.17 2.9139999999999997 -0.544 2.6550000000000002 0.33779999999999993 0.4032 1.987
7.943999999999999 10.008 7.188000000000001 3.159 -0.6140000000000001 2.949 0.33779999999999993 0.4122 2.3200000000000003
9.732 7.284000000000001 7.943999999999999 -0.516 2.725 2.8229999999999995 0.429 0.2502 2.041
10.020000000000001 7.1579999999999995 7.895999999999999 -0.5720000000000001 3.0399999999999996 2.949 0.387 0.2586 2.38
7.914000000000001 10.086 7.176 3.061 -0.4670000000000001 2.8020000000000005 0.3564 0.3882 2.263
7.943999999999999 7.193999999999999 10.08 3.2569999999999997 2.606 -0.3899999999999999 0.2934 0.3216 3.004
7.914000000000001 10.098 7.188000000000001 2.851 -0.45999999999999996 3.054 0.3246 0.4362 2.308
7.938000000000001 10.152 7.248000000000001 3.117 -0.3480000000000001 2.6410000000000005 0.34379999999999994 0.426 2.461
7.974 7.23 9.906 3.229 2.718 -0.45300000000000007 0.2934 0.2712 2.428
7.1819999999999995 7.890000000000001 10.086 2.8789999999999996 3.1449999999999996 -0.5510000000000002 0.2496 0.3252 2.338
7.9559999999999995 7.224 9.918 3.061 2.7670000000000003 -0.6209999999999998 0.2934 0.2988 3.0490000000000004
7.938000000000001 9.966000000000001 7.200000000000001 3.1310000000000002 -0.6560000000000001 3.068 0.3756 0.4206 1.807
10.05 7.176 7.926 -0.488 3.215 2.8859999999999997 0.4038 0.24419999999999997 2.689
9.966000000000001 7.193999999999999 7.943999999999999 -0.6140000000000001 2.6550000000000002 3.32 0.402 0.28259999999999996 2.263
9.846 7.236000000000001 7.938000000000001 -0.6700000000000002 3.012 3.166 0.3996 0.2868 1.714
7.962000000000001 7.236000000000001 9.942 2.9979999999999998 2.508 -0.4950000000000001 0.3222 0.29819999999999997 2.206
7.926 9.911999999999999 7.2059999999999995 2.8579999999999997 -0.5510000000000002 3.0399999999999996 0.345 0.4476 1.768
7.968 7.236000000000001 10.133999999999999 3.005 2.8299999999999996 -0.4670000000000001 0.3138 0.2676 2.416
7.193999999999999 7.890000000000001 10.133999999999999 3.215 2.963 -0.5510000000000002 0.2436 0.345 1.897
9.852 7.200000000000001 7.914000000000001 -0.502 3.1449999999999996 2.9979999999999998 0.4614 0.24599999999999997 1.906
7.164000000000001 7.878 10.032 3.054 3.054 -0.5720000000000001 0.2706 0.2898 1.933
10.056 7.218 7.890000000000001 -0.45300000000000007 2.7950000000000004 3.18 0.4626 0.24659999999999999 2.998
10.002 7.176 7.9319999999999995 -0.7049999999999998 3.068 2.9769999999999994 0.4452 0.2502 2.572
9.942 7.23 7.9319999999999995 -0.5090000000000001 2.9699999999999998 3.306 0.441 0.24599999999999997 2.614
7.188000000000001 7.895999999999999 9.984 2.9349999999999996 3.082 -0.4039999999999999 0.2712 0.28619999999999995 2.965
9.972000000000001 7.1579999999999995 7.914000000000001 -0.502 3.11 2.9139999999999997 0.4122 0.20759999999999998 2.689
10.098 7.200000000000001 7.902000000000001 -0.45300000000000007 2.9139999999999997 3.362 0.39840000000000003 0.303 2.035
10.098 7.193999999999999 7.926 -0.4810000000000001 2.8719999999999994 3.138 0.429 0.26339999999999997 2.254
10.116000000000001 7.1339999999999995 7.890000000000001 -0.488 2.956 3.159 0.42119999999999996 0.2742 2.128
7.938000000000001 10.092 7.23 3.1449999999999996 -0.30600000000000005 3.1870000000000003 0.3636 0.414 2.557
7.914000000000001 9.954 7.188000000000001 2.9769999999999994 -0.6069999999999998 2.564 0.34199999999999997 0.3996 2.752
7.962000000000001 7.2540000000000004 10.05 3.215 2.718 -0.43900000000000006 0.29819999999999997 0.3192 2.326
9.882 7.152000000000001 7.926 -0.29200000000000004 3.1310000000000002 2.9979999999999998 0.429 0.21539999999999998 2.941
10.014 7.200000000000001 7.9079999999999995 -0.544 3.1029999999999998 3.1449999999999996 0.3906 0.267 2.326
9.984 7.1819999999999995 7.902000000000001 -0.6489999999999998 2.963 2.9979999999999998 0.384 0.219 2.269
7.1579999999999995 7.9079999999999995 9.882 2.893 2.851 -0.6489999999999998 0.21719999999999998 0.3264 2.7969999999999997
7.200000000000001 7.9079999999999995 10.212 3.194 3.0889999999999995 -0.5370000000000001 0.2754 0.3078 2.185
7.188000000000001 7.902000000000001 9.828 3.019 3.0329999999999995 -0.6560000000000001 0.2412 0.34979999999999994 1.996
7.176 7.92 10.026 2.9769999999999994 3.2990000000000004 -0.488 0.2808 0.3294 3.934
7.152000000000001 7.895999999999999 9.93 2.8020000000000005 3.012 -0.383 0.2268 0.34379999999999994 1.894
9.948 7.193999999999999 7.9079999999999995 -0.42500000000000004 2.6900000000000004 3.082 0.402 0.2364 3.223
7.193999999999999 7.9319999999999995 10.158 2.7530000000000006 3.432 -0.5720000000000001 0.23099999999999998 0.33180000000000004 2.4459999999999997
7.943999999999999 9.96 7.1819999999999995 3.11 -0.558 2.606 0.318 0.3978 3.193
7.9559999999999995 7.236000000000001 9.9 3.278 2.4939999999999998 -0.5789999999999997 0.2898 0.2868 2.908
10.098 7.145999999999999 7.895999999999999 -0.6769999999999998 2.9769999999999994 3.054 0.40740000000000004 0.2298 2.2960000000000003
7.895999999999999 9.996 7.188000000000001 2.8369999999999997 -0.8029999999999998 2.8859999999999997 0.3342 0.4614 2.062
7.212000000000001 7.914000000000001 9.972000000000001 2.956 3.0329999999999995 -0.5370000000000001 0.2742 0.288 2.533
7.9319999999999995 9.942 7.2059999999999995 3.005 -0.5789999999999997 2.9209999999999994 0.3186 0.4488 2.128
7.938000000000001 10.176 7.200000000000001 2.9699999999999998 -0.25 3.061 0.366 0.4086 2.665
7.1579999999999995 7.8839999999999995 10.056 2.851 2.893 -0.6909999999999998 0.276 0.3102 3.1239999999999997
7.188000000000001 7.8660000000000005 10.152 2.7530000000000006 2.9839999999999995 -0.6280000000000001 0.2424 0.35459999999999997 2.566
10.074 7.2059999999999995 7.92 -0.7889999999999999 3.124 3.159 0.4266 0.2274 2.848
7.9079999999999995 9.780000000000001 7.188000000000001 3.194 -0.7469999999999999 3.32 0.35279999999999995 0.4422 2.452
7.943999999999999 7.23 10.026 2.9839999999999995 2.9139999999999997 -0.5929999999999997 0.33540000000000003 0.2694 2.83
7.152000000000001 7.92 9.966000000000001 3.495 2.8789999999999996 -0.516 0.2496 0.384 2.053
7.943999999999999 7.2540000000000004 10.146 3.418 2.7110000000000003 -0.383 0.261 0.303 2.386
7.9319999999999995 7.218 10.164 3.1029999999999998 2.8369999999999997 -0.4950000000000001 0.2838 0.2808 1.939
7.938000000000001 10.229999999999999 7.1579999999999995 3.215 -0.4950000000000001 2.9909999999999997 0.33899999999999997 0.4092 3.145
7.218 7.950000000000001 10.086 2.7530000000000006 3.18 -0.6140000000000001 0.2844 0.28559999999999997 2.191
7.9079999999999995 10.020000000000001 7.200000000000001 3.0469999999999997 -0.6629999999999998 2.9139999999999997 0.297 0.44279999999999997 2.2329999999999997
10.026 7.1819999999999995 7.902000000000001 -0.6769999999999998 2.9349999999999996 2.963 0.42 0.2616 3.8259999999999996
7.9319999999999995 7.212000000000001 9.815999999999999 3.488 2.9349999999999996 -0.6769999999999998 0.3366 0.276 2.7279999999999998
7.218 7.92 10.122 2.9979999999999998 3.117 -0.5789999999999997 0.2946 0.3096 2.317
10.014 7.218 7.926 -0.6980000000000002 2.0459999999999994 3.1029999999999998 0.4548 0.2352 1.885
7.23 7.9319999999999995 10.032 2.7880000000000003 3.1310000000000002 -0.6349999999999998 0.2532 0.34919999999999995 2.509
7.9079999999999995 9.954 7.193999999999999 3.341 -0.6209999999999998 2.9419999999999997 0.3168 0.4506 2.356
9.918 7.176 7.914000000000001 -0.383 2.7950000000000004 3.229 0.40800000000000003 0.2808 2.542
10.092 7.218 7.938000000000001 -0.7120000000000002 2.781 3.229 0.4608 0.2568 2.2960000000000003
7.9799999999999995 7.212000000000001 10.181999999999999 3.1029999999999998 2.459 -0.53 0.3078 0.2808 2.395
9.972000000000001 7.218 7.938000000000001 -0.45300000000000007 2.725 3.1310000000000002 0.3696 0.28259999999999996 1.729
7.92 7.236000000000001 9.96 3.124 2.9279999999999995 -0.3550000000000002 0.348 0.2322 3.127
10.14 7.176 7.878 -0.488 3.2079999999999997 2.8649999999999993 0.4032 0.26639999999999997 2.026
7.200000000000001 7.872 9.858 3.075 2.7530000000000006 -0.6000000000000001 0.20819999999999997 0.34199999999999997 2.107
10.008 7.218 7.9079999999999995 -0.5929999999999997 3.1029999999999998 2.844 0.42779999999999996 0.216 2.0140000000000002
7.914000000000001 10.044 7.164000000000001 2.9419999999999997 -0.488 2.7390000000000003 0.3162 0.43139999999999995 1.84
7.164000000000001 7.962000000000001 9.75 2.6550000000000002 3.2009999999999996 -0.5230000000000001 0.2586 0.33180000000000004 1.678
10.092 7.2059999999999995 7.895999999999999 -0.6000000000000001 2.956 2.8789999999999996 0.40140000000000003 0.2568 2.866
7.193999999999999 7.9079999999999995 9.924 3.264 3.061 -0.5789999999999997 0.2772 0.318 2.443
7.188000000000001 7.914000000000001 9.948 2.8859999999999997 2.8020000000000005 -0.488 0.258 0.33899999999999997 1.888
7.902000000000001 9.936 7.200000000000001 2.9979999999999998 -0.5370000000000001 3.068 0.2988 0.4746 2.2030000000000003
7.92 7.176 9.996 3.124 2.7950000000000004 -0.6420000000000001 0.3414 0.2562 2.2960000000000003
9.996 7.1579999999999995 7.9319999999999995 -0.53 2.893 2.9769999999999994 0.40440000000000004 0.24839999999999998 2.041
7.895999999999999 10.044 7.193999999999999 2.8789999999999996 -0.6980000000000002 3.1310000000000002 0.33 0.3816 2.299
7.9079999999999995 9.942 7.17 3.138 -0.5929999999999997 2.9909999999999997 0.28319999999999995 0.43679999999999997 1.957
10.068000000000001 7.176 7.895999999999999 -0.544 3.3129999999999997 3.0959999999999996 0.387 0.25079999999999997 2.794
7.9319999999999995 9.966000000000001 7.242 3.3480000000000003 -0.5929999999999997 2.8020000000000005 0.2844 0.45539999999999997 2.599
7.9079999999999995 10.164 7.188000000000001 2.9699999999999998 -0.474 2.781 0.333 0.4236 2.05
7.926 9.870000000000001 7.193999999999999 3.215 -0.7189999999999999 2.7880000000000003 0.3114 0.429 3.016
7.2059999999999995 7.914000000000001 10.056 2.8719999999999994 3.432 -0.6000000000000001 0.2364 0.3336 2.2960000000000003
10.026 7.212000000000001 7.92 -0.6489999999999998 2.6550000000000002 3.1029999999999998 0.3804 0.2874 2.275
7.914000000000001 9.911999999999999 7.1819999999999995 3.0469999999999997 -0.43199999999999994 2.9279999999999995 0.3054 0.42239999999999994 3.154
7.9319999999999995 7.224 10.158 2.9139999999999997 3.0329999999999995 -0.264 0.29219999999999996 0.294 2.0709999999999997
7.968 9.852 7.188000000000001 2.956 -0.5929999999999997 2.6900000000000004 0.3096 0.3888 2.08
7.895999999999999 10.056 7.23 2.963 -0.6280000000000001 2.844 0.34319999999999995 0.42539999999999994 1.936
7.9079999999999995 9.996 7.188000000000001 3.068 -0.7260000000000002 2.7600000000000007 0.35819999999999996 0.4332 2.455
9.93 7.2059999999999995 7.914000000000001 -0.53 2.564 3.005 0.42239999999999994 0.294 1.822
7.9559999999999995 7.2780000000000005 9.924 2.9279999999999995 2.613 -0.6000000000000001 0.25739999999999996 0.2874 2.7159999999999997
9.798 7.152000000000001 7.9319999999999995 -0.369 3.0399999999999996 2.8719999999999994 0.4602 0.2556 1.6720000000000002
7.92 10.008 7.188000000000001 3.229 -0.397 2.8159999999999994 0.34199999999999997 0.429 2.803
10.074 7.200000000000001 7.9079999999999995 -0.5230000000000001 3.2009999999999996 2.9209999999999994 0.43139999999999995 0.2322 2.356
10.14 7.2059999999999995 7.968 -0.7540000000000002 2.9909999999999997 2.5920000000000005 0.4092 0.20220000000000002 2.479
7.193999999999999 7.926 9.780000000000001 2.5920000000000005 3.054 -0.5510000000000002 0.258 0.33180000000000004 2.008
7.926 9.996 7.1819999999999995 2.9769999999999994 -0.6349999999999998 3.229 0.315 0.42239999999999994 1.7650000000000001
7.895999999999999 9.954 7.164000000000001 3.439 -0.45999999999999996 3.1029999999999998 0.3162 0.3906 1.702
7.938000000000001 9.882 7.17 3.012 -0.4950000000000001 2.8299999999999996 0.3366 0.4098 2.098
7.914000000000001 10.152 7.193999999999999 2.9839999999999995 -0.516 2.893 0.3204 0.4116 1.873
9.642 7.1819999999999995 7.926 -0.6349999999999998 2.9769999999999994 2.9279999999999995 0.4614 0.2316 2.098
7.890000000000001 10.020000000000001 7.176 3.026 -0.5230000000000001 2.844 0.3024 0.42419999999999997 2.317
7.188000000000001 7.878 9.972000000000001 2.9419999999999997 3.11 -0.6560000000000001 0.2748 0.2742 2.05
7.9319999999999995 7.224 9.954 2.963 3.0399999999999996 -0.5510000000000002 0.2988 0.2802 2.575
7.950000000000001 10.098 7.164000000000001 2.9979999999999998 -0.5510000000000002 2.5290000000000004 0.34859999999999997 0.405 1.867
7.1579999999999995 7.9319999999999995 10.068000000000001 2.781 2.9279999999999995 -0.7820000000000003 0.2586 0.33959999999999996 2.23
7.248000000000001 7.943999999999999 10.14 2.5290000000000004 3.075 -0.45999999999999996 0.2694 0.3048 2.41
7.92 9.75 7.193999999999999 3.11 -0.6420000000000001 2.956 0.30119999999999997 0.41459999999999997 2.527
10.146 7.193999999999999 7.9319999999999995 -0.4670000000000001 2.7040000000000006 2.9349999999999996 0.4452 0.2652 2.356
7.92 7.176 9.984 2.9909999999999997 2.7670000000000003 -0.6909999999999998 0.25379999999999997 0.27 1.7770000000000001
10.020000000000001 7.193999999999999 7.890000000000001 -0.4179999999999999 3.005 3.117 0.40140000000000003 0.27 2.902
7.188000000000001 7.92 9.732 2.5290000000000004 3.124 -0.6980000000000002 0.22499999999999998 0.35879999999999995 2.512
9.9 7.1819999999999995 7.9319999999999995 -0.6700000000000002 2.6410000000000005 3.3480000000000003 0.4098 0.2496 2.425
7.145999999999999 7.878 9.81 2.9419999999999997 3.1310000000000002 -0.5230000000000001 0.23399999999999999 0.3366 3.901
7.92 9.948 7.2059999999999995 3.0329999999999995 -0.5789999999999997 3.285 0.3234 0.44939999999999997 2.419
7.140000000000001 7.895999999999999 9.954 2.9 2.851 -0.8659999999999999 0.2286 0.33180000000000004 2.113
9.882 7.212000000000001 7.902000000000001 -0.5370000000000001 2.6550000000000002 3.0959999999999996 0.4584 0.25139999999999996 2.6919999999999997
9.996 7.218 7.902000000000001 -0.5370000000000001 2.9 3.1449999999999996 0.43739999999999996 0.2328 2.062
7.212000000000001 7.92 9.984 2.8299999999999996 3.5090000000000003 -0.6209999999999998 0.264 0.3276 2.335
7.9079999999999995 10.133999999999999 7.145999999999999 3.054 -0.6000000000000001 2.7460000000000004 0.3174 0.4086 2.518
10.05 7.176 7.890000000000001 -0.7680000000000002 3.082 3.0399999999999996 0.41519999999999996 0.2412 1.924
9.972000000000001 7.2059999999999995 7.895999999999999 -0.6769999999999998 2.669 3.2920000000000003 0.4386 0.24479999999999996 2.383
7.895999999999999 9.972000000000001 7.200000000000001 3.425 -0.6700000000000002 2.781 0.2898 0.435 2.479
7.152000000000001 7.938000000000001 10.164 2.8789999999999996 2.9279999999999995 -0.6629999999999998 0.243 0.34259999999999996 2.86
7.926 7.2540000000000004 9.954 3.173 2.151 -0.6769999999999998 0.26639999999999997 0.324 2.914
10.146 7.17 7.872 -0.6840000000000002 3.2430000000000003 3.124 0.4362 0.23099999999999998 2.4459999999999997
7.914000000000001 9.942 7.212000000000001 3.3129999999999997 -0.7189999999999999 3.3480000000000003 0.3126 0.4446 1.744
7.164000000000001 7.968 9.93 2.8090000000000006 2.8789999999999996 -0.6069999999999998 0.2778 0.3108 1.918
9.936 7.218 7.9319999999999995 -0.4810000000000001 2.907 3.194 0.40140000000000003 0.2382 2.605
7.9559999999999995 9.911999999999999 7.212000000000001 2.9139999999999997 -0.544 2.8299999999999996 0.3336 0.45539999999999997 2.158
7.962000000000001 7.242 9.966000000000001 3.32 2.732 -0.5090000000000001 0.2898 0.3 2.932
7.943999999999999 7.296000000000001 10.086 3.306 2.501 -0.3619999999999999 0.3138 0.258 2.713
7.145999999999999 7.895999999999999 9.972000000000001 3.278 3.1029999999999998 -0.8309999999999998 0.2304 0.35519999999999996 2.557
10.11 7.23 7.938000000000001 -0.6349999999999998 2.6480000000000006 3.2009999999999996 0.432 0.2742 2.248
9.996 7.1819999999999995 7.902000000000001 -0.5860000000000001 2.9349999999999996 3.229 0.41279999999999994 0.2148 2.356
7.9079999999999995 9.768 7.218 3.236 -0.53 2.5220000000000002 0.336 0.402 2.878
7.212000000000001 7.890000000000001 10.11 2.9699999999999998 2.8789999999999996 -0.6280000000000001 0.2646 0.3066 1.819
7.242 7.92 10.026 2.5290000000000004 3.075 -0.544 0.2724 0.3114 1.942
7.902000000000001 10.116000000000001 7.1339999999999995 3.18 -0.502 2.9209999999999994 0.3192 0.41459999999999997 2.6590000000000003
9.924 7.23 7.92 -0.516 2.956 3.285 0.4674 0.267 3.052
7.9319999999999995 10.002 7.176 2.956 -0.6909999999999998 3.1519999999999997 0.303 0.4644 1.882
7.92 7.224 10.2 3.082 3.061 -0.4810000000000001 0.3186 0.261 2.38
7.938000000000001 9.75 7.176 3.019 -0.5860000000000001 3.075 0.31980000000000003 0.4542 2.4699999999999998
7.218 7.914000000000001 9.978 3.005 3.229 -0.6840000000000002 0.2808 0.2988 2.665
7.914000000000001 10.014 7.200000000000001 3.124 -0.3619999999999999 3.1519999999999997 0.3786 0.363 1.978
10.026 7.17 7.926 -0.5789999999999997 3.1310000000000002 3.11 0.41100000000000003 0.2394 2.686
9.96 7.200000000000001 7.895999999999999 -0.8799999999999999 2.6830000000000003 3.334 0.4326 0.2592 1.702
9.978 7.188000000000001 7.8839999999999995 -0.278 2.8020000000000005 3.0889999999999995 0.41819999999999996 0.2694 2.923
7.92 10.038 7.1579999999999995 2.9839999999999995 -0.488 2.6410000000000005 0.32280000000000003 0.42239999999999994 2.17
9.978 7.1819999999999995 7.950000000000001 -0.43900000000000006 2.8299999999999996 3.32 0.4656 0.2532 2.677
10.272 7.188000000000001 7.8839999999999995 -0.53 2.62 3.005 0.3966 0.2838 2.479
7.92 9.870000000000001 7.176 3.3970000000000002 -0.6980000000000002 2.851 0.2976 0.4332 2.6740000000000004
7.17 7.938000000000001 9.984 3.271 3.2569999999999997 -0.5860000000000001 0.20759999999999998 0.32880000000000004 2.3049999999999997
7.9319999999999995 7.1160000000000005 10.146 3.488 2.781 -0.3340000000000001 0.3084 0.2958 2.779
10.05 7.17 7.914000000000001 -0.5789999999999997 2.8369999999999997 3.138 0.402 0.2796 1.891
10.122 7.23 7.938000000000001 -0.4179999999999999 2.8789999999999996 2.9979999999999998 0.41759999999999997 0.2616 2.473
7.902000000000001 9.924 7.1160000000000005 3.138 -0.4950000000000001 2.8369999999999997 0.33959999999999996 0.3714 2.629
7.1819999999999995 7.926 10.062000000000001 2.7880000000000003 3.124 -0.5929999999999997 0.2628 0.3246 3.0909999999999997
7.950000000000001 7.242 10.098 3.39 2.2769999999999997 -0.502 0.34319999999999995 0.2712 2.2720000000000002
9.93 7.200000000000001 7.938000000000001 -0.45999999999999996 2.9419999999999997 3.0399999999999996 0.4326 0.24 1.822
7.188000000000001 7.854000000000001 10.08 3.6630000000000003 3.054 -0.6349999999999998 0.2412 0.3576 2.161
7.895999999999999 9.978 7.1819999999999995 3.159 -0.6209999999999998 3.1029999999999998 0.327 0.429 2.254
7.92 9.828 7.176 3.124 -0.6560000000000001 2.956 0.34259999999999996 0.4206 2.587
7.9319999999999995 7.224 10.152 3.005 2.6970000000000005 -0.502 0.3594 0.2778 2.05
7.188000000000001 7.8839999999999995 9.942 2.62 3.11 -0.7749999999999999 0.1998 0.354 3.1149999999999998
7.902000000000001 9.864 7.2059999999999995 3.222 -0.5090000000000001 2.907 0.3132 0.447 3.205
7.26 7.9319999999999995 9.996 2.6550000000000002 3.18 -0.5510000000000002 0.2364 0.3108 3.142
7.128 7.902000000000001 9.738 3.11 2.718 -0.544 0.2676 0.321 2.689
7.9319999999999995 9.822 7.236000000000001 3.0329999999999995 -0.5860000000000001 3.159 0.3036 0.4422 2.641
9.911999999999999 7.193999999999999 7.895999999999999 -0.5650000000000002 2.781 3.019 0.42239999999999994 0.2706 2.059
7.200000000000001 7.914000000000001 10.11 2.8229999999999995 3.0959999999999996 -0.42500000000000004 0.29159999999999997 0.33 1.708
7.926 10.026 7.188000000000001 2.8369999999999997 -0.3619999999999999 3.068 0.35819999999999996 0.3972 2.68
7.188000000000001 7.950000000000001 9.888 2.8020000000000005 3.1449999999999996 -0.4810000000000001 0.306 0.3162 2.158
7.193999999999999 7.9079999999999995 9.798 2.851 2.8789999999999996 -0.369 0.2592 0.34619999999999995 1.693
7.218 7.938000000000001 9.815999999999999 2.7670000000000003 3.1449999999999996 -0.2849999999999999 0.2742 0.28859999999999997 2.26
7.938000000000001 9.918 7.188000000000001 3.117 -0.5789999999999997 2.9979999999999998 0.2874 0.44339999999999996 2.359
7.926 9.96 7.193999999999999 2.8789999999999996 -0.20099999999999985 2.7530000000000006 0.33899999999999997 0.41579999999999995 2.44
7.938000000000001 9.996 7.23 3.0889999999999995 -0.6349999999999998 3.0399999999999996 0.3306 0.3534 2.2809999999999997
7.926 9.996 7.193999999999999 2.9419999999999997 -0.32000000000000006 3.159 0.3636 0.402 2.893
7.962000000000001 7.224 9.870000000000001 3.229 3.1310000000000002 -0.5650000000000002 0.35819999999999996 0.258 2.293
7.164000000000001 7.914000000000001 10.11 2.6270000000000002 3.551 -0.6489999999999998 0.2298 0.29219999999999996 2.698
7.212000000000001 7.8839999999999995 10.032 2.7600000000000007 3.222 -0.6629999999999998 0.252 0.3294 2.644
7.914000000000001 7.2540000000000004 9.882 2.963 2.893 -0.3759999999999999 0.3054 0.3282 1.48
7.193999999999999 7.92 9.996 2.8020000000000005 3.1870000000000003 -0.6769999999999998 0.282 0.33 2.908
7.17 7.902000000000001 9.924 3.0889999999999995 2.6550000000000002 -0.45300000000000007 0.25439999999999996 0.33959999999999996 2.7969999999999997
7.193999999999999 7.9559999999999995 9.852 2.396 3.117 -0.45999999999999996 0.2526 0.3102 1.906
10.266 7.176 7.92 -0.6560000000000001 2.6480000000000006 3.194 0.429 0.24659999999999999 2.278
9.696 7.218 7.902000000000001 -0.8099999999999998 2.9839999999999995 3.061 0.4038 0.2268 2.44
7.17 7.8839999999999995 10.020000000000001 3.362 2.844 -0.544 0.2208 0.32280000000000003 2.5780000000000003
7.188000000000001 7.926 9.984 2.7460000000000004 2.963 -0.544 0.2586 0.3 2.785
7.23 7.914000000000001 10.248 2.781 3.173 -0.474 0.2676 0.315 2.434
10.086 7.17 7.9319999999999995 -0.6349999999999998 2.9699999999999998 3.0959999999999996 0.42779999999999996 0.25739999999999996 2.596
7.943999999999999 9.623999999999999 7.176 3.1310000000000002 -0.6560000000000001 3.11 0.35579999999999995 0.429 2.269
9.978 7.188000000000001 7.92 -0.4039999999999999 2.6410000000000005 3.166 0.3732 0.2724 1.849
7.9319999999999995 9.81 7.218 2.9279999999999995 -0.8729999999999999 3.2009999999999996 0.3444 0.4488 2.371
10.014 7.188000000000001 7.902000000000001 -0.5929999999999997 3.117 3.1029999999999998 0.44999999999999996 0.2406 2.941
7.943999999999999 9.966000000000001 7.193999999999999 3.2990000000000004 -0.6140000000000001 2.7110000000000003 0.3174 0.37979999999999997 2.323
7.152000000000001 7.914000000000001 9.876000000000001 3.194 2.8859999999999997 -0.5929999999999997 0.25379999999999997 0.3066 3.112
9.918 7.218 7.950000000000001 -0.43199999999999994 2.8719999999999994 3.0469999999999997 0.4236 0.285 2.6830000000000003
7.176 7.92 10.014 3.019 2.9839999999999995 -0.474 0.2286 0.3186 2.23
7.9079999999999995 10.068000000000001 7.212000000000001 2.8159999999999994 -0.43199999999999994 2.718 0.36779999999999996 0.42719999999999997 2.677
7.9079999999999995 9.804 7.176 3.166 -0.5929999999999997 2.907 0.3474 0.3888 2.398
9.99 7.212000000000001 7.926 -0.5650000000000002 2.774 3.222 0.44279999999999997 0.2406 1.6840000000000002
9.96 7.200000000000001 7.926 -0.43900000000000006 2.6830000000000003 3.0329999999999995 0.41459999999999997 0.2772 2.677
10.020000000000001 7.188000000000001 7.902000000000001 -0.5650000000000002 3.068 2.956 0.4038 0.2676 2.479
7.188000000000001 7.914000000000001 9.864 2.9419999999999997 2.963 -0.7329999999999999 0.24599999999999997 0.34259999999999996 2.3049999999999997
7.26 7.974 9.948 2.6410000000000005 3.138 -0.6420000000000001 0.2784 0.306 2.536
7.9079999999999995 9.906 7.200000000000001 3.054 -0.6209999999999998 2.9979999999999998 0.297 0.4692 2.158
7.974 7.17 10.128 3.1519999999999997 2.7040000000000006 -0.6840000000000002 0.3144 0.2568 2.833
7.950000000000001 9.978 7.218 2.9839999999999995 -0.45300000000000007 2.6410000000000005 0.3384 0.41100000000000003 2.455
7.902000000000001 9.828 7.200000000000001 3.236 -0.6489999999999998 3.0399999999999996 0.34859999999999997 0.4086 3.379
9.911999999999999 7.164000000000001 7.92 -0.544 2.9979999999999998 3.2009999999999996 0.4332 0.2742 2.14
9.942 7.164000000000001 7.9079999999999995 -0.6140000000000001 3.054 3.362 0.4032 0.2964 2.209
7.926 7.200000000000001 9.954 2.9769999999999994 2.669 -0.3619999999999999 0.324 0.2646 2.587
10.17 7.188000000000001 7.9079999999999995 -0.6840000000000002 3.11 2.851 0.399 0.267 2.482
7.9799999999999995 7.242 9.924 3.1519999999999997 2.459 -0.3340000000000001 0.28619999999999995 0.2736 2.3920000000000003
7.9319999999999995 9.972000000000001 7.200000000000001 3.2920000000000003 -0.45999999999999996 2.9419999999999997 0.3594 0.3882 1.882
7.926 9.768 7.2059999999999995 3.222 -0.6140000000000001 2.949 0.309 0.41459999999999997 2.191
9.972000000000001 7.236000000000001 7.92 -0.5929999999999997 2.9699999999999998 3.3129999999999997 0.4038 0.2754 1.945
7.218 7.938000000000001 9.99 2.8299999999999996 3.173 -0.488 0.3024 0.2946 2.056
7.23 7.914000000000001 9.911999999999999 2.3259999999999996 2.9979999999999998 -0.4179999999999999 0.294 0.333 1.7349999999999999
7.1579999999999995 7.895999999999999 9.846 2.9 3.0959999999999996 -0.6349999999999998 0.26339999999999997 0.3234 2.377
7.938000000000001 10.068000000000001 7.1819999999999995 2.893 -0.6280000000000001 2.389 0.348 0.4266 2.194
7.23 7.902000000000001 9.84 2.781 2.9699999999999998 -0.44599999999999995 0.2496 0.3204 2.053
9.828 7.128 7.895999999999999 -0.6840000000000002 2.7950000000000004 3.012 0.43139999999999995 0.25139999999999996 2.4219999999999997
7.92 9.96 7.2059999999999995 2.949 -0.6069999999999998 2.8579999999999997 0.3036 0.4362 2.536
7.2540000000000004 7.926 9.852 2.7040000000000006 3.075 -0.4810000000000001 0.2754 0.29159999999999997 1.945
7.2059999999999995 7.943999999999999 9.9 2.7600000000000007 2.9979999999999998 -0.5510000000000002 0.282 0.35519999999999996 2.3440000000000003
9.834 7.2059999999999995 7.943999999999999 -0.6069999999999998 2.907 3.068 0.44279999999999997 0.2718 1.798
7.188000000000001 7.9319999999999995 9.948 2.676 3.061 -0.488 0.2436 0.37979999999999997 2.3289999999999997
7.1819999999999995 7.8839999999999995 9.804 2.8579999999999997 2.6550000000000002 -0.5370000000000001 0.24899999999999997 0.33480000000000004 2.686
7.9559999999999995 9.906 7.200000000000001 3.0469999999999997 -0.5929999999999997 2.9769999999999994 0.3156 0.4098 2.707
7.224 7.938000000000001 9.911999999999999 2.8159999999999994 2.8229999999999995 -0.544 0.2532 0.3024 2.269
10.038 7.218 7.92 -0.6000000000000001 2.9349999999999996 3.0329999999999995 0.405 0.2904 2.254
7.926 7.2059999999999995 9.942 3.1310000000000002 2.7530000000000006 -0.488 0.29219999999999996 0.29219999999999996 1.909
7.92 10.002 7.17 3.2430000000000003 -0.488 2.9909999999999997 0.3756 0.41819999999999996 2.818
7.926 10.014 7.218 3.082 -0.397 2.291 0.3264 0.42239999999999994 1.612
7.926 7.218 9.876000000000001 3.271 2.606 -0.43900000000000006 0.29519999999999996 0.2568 2.719
7.92 7.212000000000001 10.146 3.1029999999999998 2.949 -0.6420000000000001 0.3168 0.3018 2.152
7.890000000000001 9.948 7.188000000000001 3.11 -0.516 2.949 0.36179999999999995 0.3936 2.7249999999999996
7.9079999999999995 7.218 9.978 3.1870000000000003 2.6970000000000005 -0.3899999999999999 0.312 0.2718 2.347
7.943999999999999 7.193999999999999 9.942 2.9839999999999995 2.389 -0.6980000000000002 0.2994 0.2778 2.419
7.926 7.193999999999999 10.344 3.138 2.8859999999999997 -0.6280000000000001 0.32580000000000003 0.2796 2.833
7.950000000000001 7.29 10.122 3.1870000000000003 2.508 -0.44599999999999995 0.309 0.24839999999999998 2.005
7.1819999999999995 7.9559999999999995 10.026 2.5920000000000005 3.138 -0.4950000000000001 0.267 0.3252 2.086
10.068000000000001 7.23 7.8839999999999995 -0.7820000000000003 2.7670000000000003 2.851 0.429 0.21119999999999997 3.322
7.938000000000001 7.188000000000001 9.984 3.18 2.956 -0.6000000000000001 0.3384 0.2748 2.641
9.966000000000001 7.176 7.9079999999999995 -0.5789999999999997 3.236 2.8299999999999996 0.3996 0.222 1.972
7.950000000000001 7.212000000000001 9.888 3.425 2.7110000000000003 -0.42500000000000004 0.34379999999999994 0.2736 2.677
7.938000000000001 9.948 7.188000000000001 2.7880000000000003 -0.6629999999999998 2.9769999999999994 0.33180000000000004 0.3942 2.482
7.9559999999999995 7.26 10.152 3.1519999999999997 2.515 -0.5650000000000002 0.3048 0.3072 2.5540000000000003
7.950000000000001 9.954 7.2059999999999995 3.054 -0.42500000000000004 2.851 0.3174 0.46199999999999997 1.7349999999999999
7.943999999999999 9.882 7.188000000000001 2.9839999999999995 -0.7400000000000002 3.019 0.34679999999999994 0.4386 3.208
7.1579999999999995 7.9079999999999995 10.11 2.8229999999999995 2.8859999999999997 -0.5860000000000001 0.25079999999999997 0.29819999999999997 1.642
7.1819999999999995 7.902000000000001 10.092 2.8719999999999994 3.173 -0.516 0.2946 0.2994 2.3049999999999997
7.9559999999999995 9.815999999999999 7.176 3.3550000000000004 -0.6420000000000001 2.9 0.3132 0.41879999999999995 2.449
7.152000000000001 7.92 10.11 2.6340000000000003 3.271 -0.6629999999999998 0.2598 0.3216 2.2569999999999997
7.943999999999999 10.062000000000001 7.200000000000001 2.9279999999999995 -0.383 2.5850000000000004 0.3504 0.3654 2.275
7.9799999999999995 9.942 7.1579999999999995 3.0889999999999995 -0.44599999999999995 3.0469999999999997 0.3306 0.37979999999999997 2.248
7.9319999999999995 9.882 7.2540000000000004 2.725 -0.7049999999999998 2.676 0.34859999999999997 0.4002 2.5540000000000003
7.926 7.224 9.96 3.229 2.606 -0.1519999999999999 0.3114 0.2622 2.941
7.902000000000001 9.84 7.218 3.25 -0.7049999999999998 2.9839999999999995 0.3252 0.42179999999999995 2.371
7.218 7.92 10.062000000000001 2.8369999999999997 3.194 -0.6000000000000001 0.261 0.32880000000000004 3.118
7.9319999999999995 10.133999999999999 7.176 2.8649999999999993 -0.383 3.005 0.3204 0.4002 1.8639999999999999
7.9079999999999995 10.014 7.164000000000001 3.607 -0.544 2.9209999999999994 0.3174 0.41639999999999994 2.533
7.926 7.218 10.11 3.264 2.515 -0.5650000000000002 0.2994 0.2628 2.188
7.9319999999999995 7.200000000000001 10.020000000000001 3.236 2.8789999999999996 -0.6280000000000001 0.2844 0.28859999999999997 1.69
7.938000000000001 10.133999999999999 7.17 3.1449999999999996 -0.43199999999999994 2.8369999999999997 0.3384 0.39 2.68
9.762 7.164000000000001 7.9079999999999995 -0.488 2.7880000000000003 3.194 0.4566 0.24539999999999998 2.044
7.914000000000001 7.176 10.014 3.327 2.8159999999999994 -0.488 0.33180000000000004 0.2718 2.374
7.200000000000001 7.938000000000001 10.008 2.8090000000000006 3.075 -0.488 0.2808 0.3144 1.996
7.943999999999999 9.954 7.236000000000001 3.341 -0.3550000000000002 2.851 0.29519999999999996 0.41279999999999994 1.492
7.998000000000001 7.212000000000001 10.044 3.446 2.725 -0.4950000000000001 0.294 0.29819999999999997 2.26
9.719999999999999 7.193999999999999 7.92 -0.6489999999999998 3.264 3.173 0.42839999999999995 0.2736 2.452
7.914000000000001 9.972000000000001 7.145999999999999 3.215 -0.6769999999999998 3.012 0.3444 0.4362 1.933
7.17 7.914000000000001 9.876000000000001 3.362 2.9349999999999996 -0.488 0.24839999999999998 0.37379999999999997 2.221
7.9559999999999995 9.756 7.188000000000001 2.9979999999999998 -0.6069999999999998 2.8789999999999996 0.3384 0.396 1.6840000000000002
10.05 7.1819999999999995 7.92 -0.4039999999999999 2.7670000000000003 3.0959999999999996 0.4098 0.2658 1.783
7.92 9.918 7.1819999999999995 2.963 -0.4670000000000001 3.117 0.2976 0.4476 2.068
7.200000000000001 7.890000000000001 10.026 2.8090000000000006 3.1870000000000003 -0.53 0.2658 0.34319999999999995 2.314
7.9079999999999995 7.248000000000001 10.008 3.1310000000000002 2.34 -0.7260000000000002 0.3078 0.2928 3.031
7.104000000000001 7.914000000000001 10.014 2.851 2.7040000000000006 -0.6349999999999998 0.198 0.366 2.38
10.026 7.176 7.914000000000001 -0.42500000000000004 2.963 3.0329999999999995 0.41579999999999995 0.2676 3.112
7.188000000000001 7.9559999999999995 10.008 2.8159999999999994 3.117 -0.5230000000000001 0.24599999999999997 0.402 2.308
9.780000000000001 7.188000000000001 7.92 -0.6000000000000001 3.0469999999999997 2.7460000000000004 0.4116 0.2436 2.872
10.242 7.193999999999999 7.92 -0.5650000000000002 3.0469999999999997 2.9839999999999995 0.4122 0.23099999999999998 2.863
7.92 7.23 9.888 2.7880000000000003 2.774 -0.6700000000000002 0.315 0.26339999999999997 1.891
7.9079999999999995 7.2059999999999995 9.99 2.8299999999999996 2.4170000000000003 -0.6560000000000001 0.32580000000000003 0.24419999999999997 2.251
9.99 7.188000000000001 7.902000000000001 -0.5510000000000002 2.9979999999999998 2.9769999999999994 0.42479999999999996 0.2406 2.776
7.2059999999999995 7.914000000000001 10.152 2.9419999999999997 3.117 -0.5370000000000001 0.264 0.3138 1.594
7.145999999999999 7.872 9.972000000000001 2.7460000000000004 2.9699999999999998 -0.5510000000000002 0.2328 0.33899999999999997 2.686
10.181999999999999 7.152000000000001 7.902000000000001 -0.516 2.7880000000000003 2.9769999999999994 0.4296 0.2586 2.128
9.99 7.200000000000001 7.890000000000001 -0.544 3.0329999999999995 2.893 0.43139999999999995 0.2364 2.314
9.9 7.164000000000001 7.914000000000001 -0.45300000000000007 2.8090000000000006 2.9279999999999995 0.4506 0.2316 2.6740000000000004
9.954 7.23 7.914000000000001 -0.6000000000000001 2.9 3.117 0.42119999999999996 0.2334 2.419
7.164000000000001 7.895999999999999 9.972000000000001 3.306 3.138 -0.6489999999999998 0.2616 0.39 2.6260000000000003
10.116000000000001 7.140000000000001 7.9079999999999995 -0.6069999999999998 2.9839999999999995 3.278 0.41100000000000003 0.24180000000000001 2.3529999999999998
7.1819999999999995 7.8660000000000005 10.08 2.9349999999999996 3.054 -0.6420000000000001 0.21 0.3816 2.026
9.978 7.188000000000001 7.9319999999999995 -0.3899999999999999 2.963 3.3129999999999997 0.4518 0.2724 2.245
